Senaryo_ID,Boyut 1 (Enerji),Boyut 2 (Ödül)
0,-0.14332557,-0.16896997
1,-0.06698587,0.7693296
2,-0.05141557,0.9159665
3,0.06764365,-0.93859124
4,-0.05324755,0.8987156
5,-0.08056475,0.8069416
6,-0.11620082,0.47030652
7,-0.09695145,0.662566
8,0.06764365,-0.93859124
9,0.066189185,-0.94572514
10,0.06764365,-0.93859124
11,0.053247314,-0.89871496
12,-0.11620082,0.47030652
13,0.066155456,-0.9456317
14,-0.18031162,-0.13349856
15,0.053247314,-0.89871496
16,-0.086892985,0.74633163
17,-0.053247318,0.89871496
18,-0.06764365,0.93859124
19,0.11620082,-0.47030652
20,0.09695145,-0.662566
21,0.080612645,-0.80707425
22,0.18301435,0.12601231
23,0.0769959,-0.7189178
24,-0.08055255,0.80690783
25,0.047063425,-0.9211141
26,0.06764365,-0.93859124
27,-0.11620082,0.47030652
28,0.06764365,-0.93859124
29,-0.06764365,0.93859124
30,0.008507423,0.73087835
31,-0.1821111,-0.12851422
32,0.06764365,-0.93859124
33,0.06764365,-0.93859124
34,0.09051517,-0.74515843
35,-0.05324751,0.8987155
36,-0.06764365,0.93859124
37,-0.07699597,0.71891797
38,0.06764365,-0.93859124
39,-0.06617206,0.9456777
40,0.11620082,-0.47030652
41,-0.02661055,0.5793559
42,0.06608613,-0.7668374
43,0.08540198,-0.49150056
44,-0.053247485,0.89871544
45,-0.1721172,-0.08922036
46,-0.079212956,0.6723366
47,0.06764365,-0.93859124
48,-0.0932628,0.7192811
49,-0.15556705,0.110515654
50,-0.11620082,0.47030652
51,0.06764365,-0.93859124
52,-0.05324735,0.8987151
53,-0.05324778,0.8987163
54,-0.15556705,0.110515654
55,-0.08689301,0.7463317
56,0.1748164,0.08174382
57,-0.061716933,0.7831019
58,-0.11620082,0.47030652
59,0.1748164,0.08174382
60,0.11620082,-0.47030652
61,0.15556705,-0.110515654
62,0.08064683,-0.80716896
63,0.06698587,-0.7693296
64,0.12439877,-0.4260381
65,0.064999744,-0.9525684
66,-0.06953991,0.8768678
67,0.06764365,-0.93859124
68,-0.06764365,0.93859124
69,0.06696787,-0.93671936
70,0.0669821,-0.9367588
71,-0.15556705,0.110515654
72,-0.06764365,0.93859124
73,0.06623311,-0.9458468
74,-0.121696025,0.4185518
75,0.08689301,-0.7463317
76,-0.080671,0.8072359
77,0.0769959,-0.7189178
78,0.05324783,-0.8987164
79,-0.053247314,0.89871496
80,0.06764365,-0.93859124
81,-0.06698587,0.7693296
82,0.1748164,0.08174382
83,0.066387765,-0.9462752
84,-0.12439877,0.4260381
85,-0.053247347,0.8987151
86,-0.06698587,0.7693296
87,-0.10111593,0.4010749
88,0.08054906,-0.8068981
89,0.08689302,-0.7463317
90,0.15556705,-0.110515654
91,0.08689301,-0.7463317
92,0.15556705,-0.110515654
93,-0.06651208,0.94661945
94,0.18031162,0.13349856
95,-0.06698587,0.7693296
96,-0.06762752,0.9497091
97,-0.080593616,0.80702156
98,-0.08054837,0.80689627
99,0.072518125,-0.8851171
100,-0.08059971,0.8070384
101,-0.15556705,0.110515654
102,0.053764004,-0.5429416
103,-0.08689302,0.7463317
104,0.032326102,-0.87247866
105,-0.024885397,0.83685595
106,0.11620082,-0.47030652
107,-0.053247835,0.8987164
108,0.06698587,-0.7693296
109,-0.1748164,-0.08174382
110,0.03300073,-0.87434727
111,-0.05324734,0.898715
112,-0.053247366,0.8987151
113,0.08056996,-0.80695605
114,0.035980266,-0.8491123
115,0.08059797,-0.8070336
116,0.11620082,-0.47030652
117,0.15556705,-0.110515654
118,-0.086984366,0.74551404
119,0.06697369,-0.9367355
120,0.17939928,0.12486304
121,-0.18031162,-0.13349856
122,-0.0886925,0.7513161
123,0.05141557,-0.9159665
124,0.06609819,-0.9454731
125,0.18031162,0.13349856
126,-0.06698587,0.7693296
127,-0.12440234,0.42600438
128,0.053247668,-0.8987159
129,-0.15556705,0.110515654
130,0.11620082,-0.47030652
131,-0.11620082,0.47030652
132,0.06616112,-0.94564736
133,-0.056094237,0.76752585
134,0.15556705,-0.110515654
135,-0.11620082,0.47030652
136,0.1821111,0.12851422
137,0.08689302,-0.7463317
138,-0.06698587,0.7693296
139,-0.053247314,0.89871496
140,-0.11620082,0.47030652
141,-0.053247306,0.89871496
142,0.08689301,-0.7463317
143,0.15556705,-0.110515654
144,-0.06698587,0.7693296
145,-0.053247314,0.89871496
146,0.057137642,-0.8262299
147,0.05324739,-0.8987152
148,-0.08061814,0.8070895
149,0.06700415,-0.93681985
150,0.06953991,-0.8768678
151,-0.024499383,0.8190864
152,-0.06764365,0.93859124
153,-0.08689299,0.7463317
154,-0.0905152,0.74515843
155,-0.12439877,0.4260381
156,-0.15556705,0.110515654
157,0.08689301,-0.7463317
158,0.053247344,-0.898715
159,-0.008347377,0.783232
160,-0.16895781,-0.17289348
161,-0.15556705,0.110515654
162,-0.11620082,0.47030652
163,-0.08054836,0.8068962
164,0.06764365,-0.93859124
165,-0.080650836,0.80718005
166,0.066292346,-0.9460108
167,-0.06764365,0.93859124
168,-0.08698195,0.74553674
169,0.053247444,-0.8987153
170,-0.11620082,0.47030652
171,-0.086892985,0.74633163
172,0.15556705,-0.110515654
173,0.08054722,-0.80689305
174,0.0886925,-0.7513161
175,-0.15556705,0.110515654
176,-0.05141557,0.9159665
177,0.08689301,-0.7463317
178,0.06764365,-0.93859124
179,-0.053247824,0.8987164
180,-0.1821111,-0.12851422
181,-0.0769959,0.7189178
182,0.1748164,0.08174382
183,0.06764365,-0.93859124
184,-0.06764365,0.93859124
185,0.05324731,-0.89871496
186,0.06583159,-0.94469106
187,0.053247407,-0.8987152
188,0.0740386,-0.88932866
189,0.033827435,-0.8693251
190,0.08057247,-0.80696297
191,0.1821111,0.12851422
192,0.11620082,-0.47030652
193,-0.05324731,0.89871496
194,-0.08689299,0.74633163
195,-0.06499836,0.95258147
196,0.06764365,-0.93859124
197,0.06635257,-0.94617766
198,-0.16491929,-0.109157756
199,-0.053247835,0.8987164
200,-0.06632043,0.9460886
201,-0.03365776,0.86115456
202,0.08698531,-0.7455051
203,-0.07252529,0.88513696
204,-0.12439877,0.4260381
205,0.09326281,-0.71928114
206,0.06764365,-0.93859124
207,-0.15556705,0.110515654
208,0.15556705,-0.110515654
209,-0.0769959,0.7189178
210,-0.08689302,0.7463317
211,-0.080587134,0.8070036
212,0.06764365,-0.93859124
213,-0.06698587,0.7693296
214,-0.17753175,-0.08538525
215,-0.18301791,-0.126046
216,0.05324732,-0.89871496
217,0.11620082,-0.47030652
218,0.11620082,-0.47030652
219,-0.06764365,0.93859124
220,0.053247828,-0.8987164
221,-0.080556706,0.80691934
222,0.0769959,-0.7189178
223,-0.08058875,0.8070081
224,0.053247638,-0.89871585
225,0.06764365,-0.93859124
226,0.1748164,0.08174382
227,-0.18301435,-0.12601231
228,0.08060964,-0.80706596
229,0.06698587,-0.7693296
230,-0.018173076,-0.65446347
231,0.06764365,-0.93859124
232,-0.06698587,0.7693296
233,-0.06764365,0.93859124
234,-0.06764365,0.93859124
235,0.06764365,-0.93859124
236,0.1748164,0.08174382
237,0.15556705,-0.110515654
238,0.15556705,-0.110515654
239,-0.06698587,0.7693296
240,0.121696025,-0.4185518
241,0.08061126,-0.80707043
242,-0.01985947,0.64298147
243,0.06764365,-0.93859124
244,-0.0905152,0.74515843
245,0.08419381,-0.7388552
246,0.053247835,-0.8987164
247,0.06764365,-0.93859124
248,0.15556705,-0.110515654
249,0.053247333,-0.898715
250,0.11620082,-0.47030652
251,-0.09509096,0.70206326
252,-0.066996686,0.9367992
253,-0.09326281,0.71928114
254,-0.05540218,0.65910554
255,-0.08689301,0.7463317
256,0.07223912,-0.8843442
257,0.06654646,-0.9467147
258,0.09509096,-0.70206326
259,0.06698587,-0.7693296
260,0.06762752,-0.9497091
261,0.090563595,-0.71180457
262,-0.11620082,0.47030652
263,-0.08058387,0.80699456
264,-0.06764365,0.93859124
265,0.06764365,-0.93859124
266,-0.055402275,0.65910465
267,0.066543944,-0.9467078
268,0.06764365,-0.93859124
269,0.11620082,-0.47030652
270,-0.06624565,0.94588155
271,0.08055799,-0.80692285
272,0.06764365,-0.93859124
273,-0.0532476,0.89871573
274,0.15556705,-0.110515654
275,0.06764365,-0.93859124
276,-0.06698587,0.7693296
277,-0.080661185,0.8072087
278,-0.121696025,0.4185518
279,0.06764365,-0.93859124
280,-0.05367695,0.91660535
281,0.12440234,-0.42600438
282,0.056094162,-0.76752573
283,-0.066351704,0.9461753
284,0.05324733,-0.898715
285,-0.06764365,0.93859124
286,0.053247314,-0.89871496
287,0.06764365,-0.93859124
288,-0.06764365,0.93859124
289,-0.11620082,0.47030652
290,-0.066279225,0.9459745
291,-0.066275254,0.9459635
292,-0.11620082,0.47030652
293,-0.09695145,0.662566
294,0.06764365,-0.93859124
295,-0.0886925,0.7513161
296,0.0661466,-0.9456071
297,-0.05324783,0.8987164
298,0.06764365,-0.93859124
299,-0.080639616,0.807149
300,0.06631804,-0.946082
301,-0.07168157,0.68925244
302,-0.06698587,0.7693296
303,0.06764365,-0.93859124
304,-0.06764365,0.93859124
305,0.0769959,-0.7189178
306,-0.06764365,0.93859124
307,-0.121696025,0.4185518
308,-0.06764365,0.93859124
309,0.05324743,-0.89871526
310,-0.053807165,0.54306114
311,-0.11711669,0.46168074
312,0.08056222,-0.8069346
313,0.0532476,-0.89871573
314,0.06764365,-0.93859124
315,-0.06764365,0.93859124
316,0.15556705,-0.110515654
317,0.080578364,-0.8069793
318,-0.08055235,0.80690724
319,0.06694424,-0.9366539
320,-0.08057523,0.80697066
321,-0.06764365,0.93859124
322,0.06953991,-0.8768678
323,-0.11620082,0.47030652
324,0.11620082,-0.47030652
325,0.15556705,-0.110515654
326,-0.05324732,0.89871496
327,-0.06764365,0.93859124
328,0.06764365,-0.93859124
329,0.08062339,-0.80710405
330,0.06764365,-0.93859124
331,0.053247318,-0.89871496
332,0.06764365,-0.93859124
333,-0.062449425,0.94090426
334,-0.06764365,0.93859124
335,-0.06764365,0.93859124
336,0.06764365,-0.93859124
337,0.06764365,-0.93859124
338,0.046168618,-0.92953813
339,-0.08066127,0.80720896
340,0.06698587,-0.7693296
341,0.06764365,-0.93859124
342,-0.06764365,0.93859124
343,0.06619903,-0.9457524
344,-0.0769959,0.7189178
345,-0.15556705,0.110515654
346,-0.06674391,0.93609905
347,-0.06764365,0.93859124
348,-0.080642976,0.8071583
349,-0.05324736,0.8987151
350,-0.16491929,-0.109157756
351,-0.17753175,-0.08538525
352,0.024499383,-0.8190864
353,-0.1821111,-0.12851422
354,-0.1748164,-0.08174382
355,-0.06698587,0.7693296
356,0.05540218,-0.65910554
357,0.06764365,-0.93859124
358,-0.066953875,0.9366806
359,-0.06764365,0.93859124
360,0.0532478,-0.89871633
361,-0.066944666,0.9366551
362,0.05324771,-0.89871603
363,0.09695145,-0.662566
364,-0.047063433,0.9211141
365,0.039641257,-0.81460226
366,-0.053247306,0.89871496
367,-0.11620082,0.47030652
368,-0.08061428,0.80707884
369,0.1748164,0.08174382
370,0.11620082,-0.47030652
371,-0.1821111,-0.12851422
372,0.11620082,-0.47030652
373,-0.11620082,0.47030652
374,-0.11891617,0.4666651
375,-0.1748164,-0.08174382
376,0.11620082,-0.47030652
377,0.06698587,-0.7693296
378,0.055977874,-0.76862156
379,0.02392248,0.70166355
380,-0.06764059,0.9605518
381,-0.088692464,0.751316
382,-0.06698587,0.7693296
383,0.1748164,0.08174382
384,-0.12439877,0.4260381
385,-0.08057075,0.80695826
386,-0.053247314,0.89871496
387,0.06764365,-0.93859124
388,0.03165767,-0.21380606
389,-0.08055924,0.80692637
390,0.06649444,-0.94657063
391,0.053247772,-0.8987162
392,0.035980307,-0.8491124
393,-0.18301792,-0.12604599
394,-0.09605171,0.6600738
395,-0.0886925,0.7513161
396,-0.08059251,0.8070185
397,0.08689299,-0.74633163
398,0.15556705,-0.110515654
399,-0.05324731,0.89871496
400,0.06764365,-0.93859124
401,-0.08054899,0.80689794
402,0.024885375,-0.83685595
403,0.068543375,-0.9410833
404,-0.0886925,0.7513161
405,0.06764365,-0.93859124
406,0.12440234,-0.42600438
407,-0.015216254,0.71853995
408,-0.06698587,0.7693296
409,-0.06652936,0.9466674
410,-0.09326281,0.71928114
411,-0.05324731,0.89871496
412,-0.11620082,0.47030652
413,-0.03598029,0.8491123
414,0.08055346,-0.80691034
415,-0.06698587,0.7693296
416,-0.06764365,0.93859124
417,-0.086892985,0.74633163
418,0.05324748,-0.89871544
419,0.17939928,0.12486304
420,-0.05324732,0.89871496
421,-0.09326281,0.71928114
422,-0.11620082,0.47030652
423,-0.06764365,0.93859124
424,-0.06764365,0.93859124
425,0.066609085,-0.9468882
426,-0.06698567,0.7693315
427,0.08056757,-0.80694944
428,-0.11620082,0.47030652
429,0.04098245,-0.9098514
430,-0.053247526,0.89871556
431,-0.08056512,0.80694264
432,-0.08065686,0.80719674
433,0.1748164,0.08174382
434,-0.06624918,0.94589126
435,0.06764365,-0.93859124
436,-0.11891617,0.4666651
437,0.11620082,-0.47030652
438,0.15556705,-0.110515654
439,-0.06764365,0.93859124
440,0.121696025,-0.4185518
441,0.080661766,-0.8072103
442,0.08058433,-0.80699587
443,-0.06698587,0.7693296
444,-0.05367695,0.91660535
445,-0.03165767,0.21380606
446,-0.06698587,0.7693296
447,-0.17847988,-0.11624695
448,0.1748164,0.08174382
449,0.053247638,-0.89871585
450,0.15556705,-0.110515654
451,0.15971488,0.13985838
452,0.06764365,-0.93859124
453,-0.08055081,0.806903
454,0.11620082,-0.47030652
455,-0.12440234,0.42600438
456,0.15556705,-0.110515654
457,-0.080558755,0.806925
458,0.12439877,-0.4260381
459,0.11620082,-0.47030652
460,0.15556705,-0.110515654
461,0.06764365,-0.93859124
462,0.08689301,-0.7463317
463,0.06695388,-0.9366806
464,0.06764365,-0.93859124
465,0.15556705,-0.110515654
466,-0.095090926,0.7020632
467,-0.1721172,-0.08922036
468,0.08014223,-0.8099546
469,0.15556705,-0.110515654
470,-0.086892985,0.74633163
471,-0.053247362,0.8987151
472,-0.05324737,0.89871514
473,-0.15556705,0.110515654
474,0.05324748,-0.89871544
475,0.05324734,-0.898715
476,-0.06764365,0.93859124
477,-0.02392546,-0.7016554
478,0.053247355,-0.8987151
479,0.053807184,-0.54306114
480,-0.08055085,0.8069031
481,-0.06764365,0.93859124
482,-0.0769959,0.7189178
483,0.18301436,0.12601231
484,0.066274956,-0.94596267
485,0.08689299,-0.74633163
486,-0.053247325,0.898715
487,-0.06698587,0.7693296
488,-0.1821111,-0.12851422
489,0.063400336,-0.9380003
490,0.024499383,-0.8190864
491,0.06698587,-0.7693296
492,-0.08419381,0.7388552
493,0.05540218,-0.65910554
494,-0.08689301,0.7463317
495,-0.05540218,0.65910554
496,-0.06764365,0.93859124
497,0.0669656,-0.9367131
498,0.15556705,-0.110515654
499,-0.06674391,0.93609905
500,-0.06635886,0.94619507
501,0.07860889,-0.85729367
502,-0.1748164,-0.08174382
503,0.080605134,-0.80705345
504,0.15556705,-0.110515654
505,-0.0805941,0.8070229
506,0.023556467,-0.8164746
507,0.1821111,0.12851422
508,0.06764365,-0.93859124
509,0.06764365,-0.93859124
510,-0.06764365,0.93859124
511,0.06764365,-0.93859124
512,-0.09326281,0.7192811
513,-0.09326281,0.71928114
514,-0.06619692,0.94574654
515,0.06764365,-0.93859124
516,-0.15556705,0.110515654
517,0.08065822,-0.8072005
518,0.06674391,-0.93609905
519,-0.033338383,0.8752825
520,0.06764365,-0.93859124
521,-0.1821111,-0.12851422
522,-0.09695145,0.662566
523,-0.080598995,0.80703646
524,-0.06698587,0.7693296
525,0.06764365,-0.93859124
526,0.06812819,-0.7227207
527,-0.08060794,0.80706125
528,0.11620082,-0.47030652
529,0.15556705,-0.110515654
530,0.06618516,-0.94571394
531,-0.080621436,0.8070986
532,-0.03348939,0.19655445
533,0.08689301,-0.7463317
534,-0.06764365,0.93859124
535,-0.06764365,0.93859124
536,-0.053247835,0.8987164
537,-0.08064701,0.80716944
538,-0.18301792,-0.12604599
539,-0.06698587,0.7693296
540,-0.06764365,0.93859124
541,0.066945896,-0.9366585
542,0.15556705,-0.110515654
543,-0.06764365,0.93859124
544,-0.06764365,0.93859124
545,-0.11620082,0.47030652
546,-0.088692494,0.7513161
547,0.062213004,-0.94587415
548,0.121696025,-0.4185518
549,0.06764365,-0.93859124
550,0.011552919,-0.75304174
551,-0.1748164,-0.08174382
552,-0.06698587,0.7693296
553,-0.06764365,0.93859124
554,0.07255349,-0.8852151
555,-0.053247448,0.8987153
556,-0.0914759,0.703169
557,-0.0470634,0.921114
558,0.0769959,-0.7189178
559,0.06764365,-0.93859124
560,0.121696025,-0.4185518
561,0.0806399,-0.80714977
562,-0.09695145,0.662566
563,-0.08689302,0.7463317
564,-0.06764365,0.93859124
565,-0.053247355,0.8987151
566,-0.06698587,0.7693296
567,0.11620082,-0.47030652
568,0.053807177,-0.54306114
569,-0.05324783,0.8987164
570,0.04370556,-0.6267072
571,0.06764365,-0.93859124
572,0.024499383,-0.8190864
573,0.12439877,-0.4260381
574,0.06764365,-0.93859124
575,0.06698587,-0.7693296
576,0.053247835,-0.8987164
577,0.06698587,-0.7693296
578,0.15556705,-0.110515654
579,-0.1748164,-0.08174382
580,0.0914759,-0.703169
581,0.0769959,-0.7189178
582,0.080588214,-0.8070066
583,0.06622981,-0.9458377
584,0.06735607,-0.9377947
585,0.15556705,-0.110515654
586,-0.08057483,0.8069695
587,0.08056031,-0.8069293
588,-0.06698587,0.7693296
589,0.08689302,-0.7463317
590,0.053247835,-0.8987164
591,-0.11620082,0.47030652
592,0.08689302,-0.7463317
593,0.08058032,-0.8069847
594,-0.0806307,0.80712426
595,0.08099811,-0.4509374
596,0.06764365,-0.93859124
597,-0.08419347,0.7388542
598,0.06698587,-0.7693296
599,0.053247817,-0.89871633
600,0.053247314,-0.89871496
601,0.06698587,-0.7693296
602,0.17753175,0.08538525
603,0.080595054,-0.80702555
604,0.06762752,-0.9497091
605,-0.06764365,0.93859124
606,-0.06764365,0.93859124
607,0.16491929,0.109157756
608,0.08055195,-0.80690616
609,-0.06617884,0.9456965
610,0.08408774,-0.7385614
611,-0.080620825,0.80709696
612,-0.095090926,0.7020632
613,-0.053247835,0.8987164
614,0.08059427,-0.80702335
615,-0.08058813,0.80700636
616,-0.053764004,0.5429416
617,0.06764365,-0.93859124
618,-0.06698587,0.7693296
619,-0.08054878,0.80689734
620,0.08055374,-0.8069111
621,-0.05324734,0.898715
622,0.15556705,-0.110515654
623,-0.11620082,0.47030652
624,0.04706348,-0.9211142
625,0.18301435,0.12601231
626,0.1748164,0.08174382
627,0.08064682,-0.80716896
628,-0.06608613,0.7668374
629,0.06764365,-0.93859124
630,-0.11620082,0.47030652
631,0.1721172,0.08922036
632,0.06764365,-0.93859124
633,0.15556705,-0.110515654
634,0.09326281,-0.7192811
635,0.053247835,-0.8987164
636,0.15556705,-0.110515654
637,-0.07252392,0.88513315
638,-0.090563595,0.71180457
639,0.06698587,-0.7693296
640,-0.11620082,0.47030652
641,0.06764365,-0.93859124
642,-0.06672779,0.947217
643,-0.07252541,0.8851373
644,-0.053247318,0.89871496
645,0.08968687,-0.75295943
646,-0.06764365,0.93859124
647,0.0805546,-0.8069135
648,-0.14917207,0.15977818
649,-0.08689301,0.7463317
650,0.06649343,-0.94656783
651,-0.15556705,0.110515654
652,0.15556705,-0.110515654
653,0.053247835,-0.8987164
654,0.11620082,-0.47030652
655,0.086892985,-0.74633163
656,-0.06698587,0.7693296
657,0.09326281,-0.7192811
658,0.02264414,-0.82506657
659,-0.06698587,0.7693296
660,0.06698587,-0.7693296
661,0.1748164,0.08174382
662,0.06764365,-0.93859124
663,-0.08067941,0.8072592
664,-0.086892985,0.74633163
665,-0.15556705,0.110515654
666,-0.086892985,0.74633163
667,-0.06625388,0.9459043
668,-0.08065666,0.8071962
669,0.0769959,-0.7189178
670,-0.1748164,-0.08174382
671,-0.06764365,0.93859124
672,0.1821111,0.12851422
673,0.11620082,-0.47030652
674,-0.01985947,0.64298147
675,-0.06764365,0.93859124
676,0.06764365,-0.93859124
677,-0.024499383,0.8190864
678,-0.068072826,0.9564804
679,0.053247314,-0.89871496
680,-0.06764365,0.93859124
681,0.066305295,-0.9460467
682,0.08057246,-0.80696297
683,-0.0932628,0.7192811
684,-0.1748164,-0.08174382
685,0.053247314,-0.89871496
686,0.06764365,-0.93859124
687,0.06764365,-0.93859124
688,0.06764365,-0.93859124
689,-0.06764365,0.93859124
690,-0.08055468,0.80691373
691,-0.09509096,0.70206326
692,-0.095090926,0.7020632
693,-0.12439877,0.4260381
694,0.053247623,-0.8987158
695,0.05324732,-0.89871496
696,-0.06764365,0.93859124
697,0.023925453,0.7016554
698,0.06764365,-0.93859124
699,-0.08419381,0.7388552
700,-0.053247835,0.8987164
701,-0.06698587,0.7693296
702,0.18301791,0.126046
703,-0.08062462,0.80710745
704,0.08061367,-0.8070771
705,-0.06764365,0.93859124
706,0.11620082,-0.47030652
707,-0.053247314,0.89871496
708,-0.17041798,-0.16090284
709,-0.18301436,-0.12601231
710,0.053247362,-0.8987151
711,0.08689301,-0.7463317
712,-0.095090866,0.7020631
713,-0.08055727,0.8069209
714,-0.053247347,0.8987151
715,0.08689301,-0.7463317
716,-0.18031162,-0.13349856
717,-0.06698587,0.7693296
718,-0.0769959,0.7189178
719,-0.053807165,0.54306114
720,0.05324731,-0.89871496
721,0.1748164,0.08174382
722,0.05324777,-0.8987162
723,-0.11620082,0.47030652
724,-0.06696994,0.93672514
725,0.053247612,-0.8987158
726,-0.06764365,0.93859124
727,-0.08058806,0.8070062
728,-0.06646327,0.9464843
729,-0.095090926,0.7020632
730,-0.06696994,0.93672514
731,-0.08055047,0.80690205
732,0.05540218,-0.65910554
733,-0.08055426,0.80691254
734,-0.05324783,0.8987164
735,-0.06764365,0.93859124
736,0.093304105,-0.6859512
737,-0.072525516,0.88513756
738,-0.11620082,0.47030652
739,-0.109449945,0.5339302
740,-0.06698587,0.7693296
741,-0.08419381,0.7388552
742,-0.06764365,0.93859124
743,-0.11620082,0.47030652
744,0.12440234,-0.42600438
745,0.0886925,-0.7513161
746,0.086892985,-0.74633163
747,-0.06764365,0.93859124
748,-0.086892985,0.74633163
749,0.05324757,-0.8987157
750,-0.06764365,0.93859124
751,0.06764365,-0.93859124
752,-0.053247835,0.8987164
753,0.053247504,-0.8987155
754,0.11620082,-0.47030652
755,0.1721172,0.08922036
756,-0.06624818,0.9458885
757,-0.1821111,-0.12851422
758,-0.06764365,0.93859124
759,0.08062043,-0.8070958
760,-0.16491929,-0.109157756
761,-0.08689301,0.7463317
762,-0.06620208,0.94576085
763,-0.11891617,0.4666651
764,-0.06764365,0.93859124
765,0.06764365,-0.93859124
766,-0.06764365,0.93859124
767,0.06764365,-0.93859124
768,-0.08057959,0.8069827
769,-0.1748164,-0.08174382
770,0.11620082,-0.47030652
771,0.09326281,-0.71928114
772,0.06764365,-0.93859124
773,-0.066957526,0.93669075
774,-0.080649115,0.8071753
775,0.08067272,-0.80724066
776,0.08058864,-0.8070078
777,0.15556705,-0.110515654
778,0.06404471,-0.92862254
779,-0.053247306,0.89871496
780,0.12439877,-0.4260381
781,0.08056156,-0.80693275
782,0.06764365,-0.93859124
783,-0.06764365,0.93859124
784,-0.16491929,-0.109157756
785,0.053247314,-0.89871496
786,0.16063085,0.14848393
787,0.1721172,0.08922036
788,0.05141557,-0.9159665
789,-0.07860889,0.85729367
790,0.06764365,-0.93859124
791,-0.18031162,-0.13349856
792,0.05143223,-0.90485
793,-0.06640759,0.9463301
794,-0.06622079,0.94581264
795,-0.08056456,0.8069411
796,-0.06698587,0.7693296
797,-0.07223912,0.8843442
798,-0.05324783,0.8987164
799,0.06764365,-0.93859124
800,0.049167387,-0.36695516
801,-0.05324731,0.89871496
802,0.06764365,-0.93859124
803,0.05324731,-0.89871496
804,0.0886925,-0.7513161
805,-0.05324731,0.89871496
806,0.06698587,-0.7693296
807,0.06698587,-0.7693296
808,0.15556705,-0.110515654
809,-0.06764365,0.93859124
810,0.06764365,-0.93859124
811,0.10546848,-0.39592856
812,0.11620082,-0.47030652
813,0.06764365,-0.93859124
814,-0.08058926,0.8070095
815,-0.06764365,0.93859124
816,-0.06953991,0.8768678
817,-0.06764365,0.93859124
818,-0.05324734,0.898715
819,-0.053247318,0.89871496
820,-0.0661543,0.94562846
821,0.0886925,-0.7513161
822,0.1334607,0.21861984
823,-0.05324732,0.89871496
824,-0.06764365,0.93859124
825,-0.08056766,0.8069497
826,0.06764365,-0.93859124
827,0.15556705,-0.110515654
828,0.18301435,0.12601231
829,0.15556705,-0.110515654
830,0.06764365,-0.93859124
831,-0.1748164,-0.08174382
832,0.06764365,-0.93859124
833,0.1821111,0.12851422
834,0.11620082,-0.47030652
835,0.06764365,-0.93859124
836,-0.11620082,0.47030652
837,-0.06674391,0.93609905
838,0.06764365,-0.93859124
839,-0.06764365,0.93859124
840,0.06698587,-0.7693296
841,-0.06698587,0.7693296
842,-0.06764365,0.93859124
843,0.09326281,-0.71928114
844,0.06764365,-0.93859124
845,0.1821111,0.12851422
846,0.06764365,-0.93859124
847,-0.11620082,0.47030652
848,-0.05324731,0.89871496
849,-0.11620082,0.47030652
850,-0.06764365,0.93859124
851,0.06764365,-0.93859124
852,0.06674391,-0.93609905
853,0.053247835,-0.8987164
854,-0.121696025,0.4185518
855,0.08689301,-0.7463317
856,0.08055289,-0.8069088
857,-0.06764365,0.93859124
858,0.050075363,-0.5996567
859,0.06953991,-0.8768678
860,0.06764365,-0.93859124
861,-0.08419381,0.7388552
862,0.08689301,-0.7463317
863,0.05324783,-0.8987164
864,-0.15556705,0.110515654
865,-0.053247333,0.898715
866,0.053247366,-0.8987151
867,0.08056641,-0.8069462
868,-0.06764365,0.93859124
869,-0.07254918,0.8852031
870,0.05324783,-0.8987164
871,0.06764365,-0.93859124
872,0.06764365,-0.93859124
873,0.06764365,-0.93859124
874,-0.08054762,0.8068942
875,-0.06764365,0.93859124
876,-0.053247422,0.89871526
877,0.05324733,-0.898715
878,-0.06698587,0.7693296
879,-0.095090866,0.7020631
880,-0.06764365,0.93859124
881,-0.11620082,0.47030652
882,-0.06698587,0.7693296
883,-0.1748164,-0.08174382
884,-0.088692464,0.751316
885,-0.06698587,0.7693296
886,-0.053247344,0.898715
887,0.09695145,-0.662566
888,0.08056956,-0.8069549
889,-0.0769959,0.7189178
890,-0.08689301,0.7463317
891,0.06764365,-0.93859124
892,0.067008644,-0.9368323
893,-0.06764365,0.93859124
894,0.08055233,-0.80690724
895,0.053247754,-0.89871615
896,-0.024499398,0.81908643
897,-0.05324731,0.89871496
898,-0.053674843,0.21103187
899,-0.11620082,0.47030652
900,0.080658555,-0.80720145
901,-0.06698587,0.7693296
902,0.1748164,0.08174382
903,0.06698587,-0.7693296
904,0.053247314,-0.89871496
905,-0.053247314,0.89871496
906,-0.080554575,0.80691344
907,0.066496484,-0.9465763
908,-0.080634154,0.80713385
909,-0.15556705,0.110515654
910,0.11620082,-0.47030652
911,-0.05324761,0.8987158
912,0.1334607,0.21861984
913,-0.08057308,0.8069647
914,-0.088692494,0.7513161
915,-0.080663025,0.8072138
916,-0.18031162,-0.13349856
917,0.11620082,-0.47030652
918,-0.18301436,-0.12601231
919,-0.08058549,0.806999
920,0.053247835,-0.8987164
921,0.06953991,-0.8768678
922,-0.06698587,0.7693296
923,0.0677045,-0.95999265
924,-0.08058364,0.80699396
925,-0.049167305,0.36695594
926,-0.07255273,0.88521296
927,-0.06764365,0.93859124
928,0.05324733,-0.898715
929,0.06764365,-0.93859124
930,-0.08055724,0.8069208
931,-0.06764365,0.93859124
932,-0.053247314,0.89871496
933,0.06404471,-0.92862254
934,0.06764365,-0.93859124
935,0.08059976,-0.8070386
936,-0.06764365,0.93859124
937,-0.09629366,0.49330437
938,0.053247485,-0.89871544
939,-0.08055565,0.8069164
940,-0.06404471,0.92862254
941,0.11891617,-0.4666651
942,0.080577515,-0.806977
943,0.1748164,0.08174382
944,-0.08273031,0.81847763
945,-0.06650877,0.94661033
946,0.061717223,-0.7831013
947,0.0886925,-0.7513161
948,-0.06764365,0.93859124
949,-0.06764365,0.93859124
950,-0.05324761,0.8987158
951,-0.095090926,0.7020632
952,-0.080632426,0.807129
953,-0.17753175,-0.08538525
954,-0.06404471,0.92862254
955,0.08056373,-0.80693877
956,0.16491929,0.109157756
957,-0.15556705,0.110515654
958,0.1821111,0.12851422
959,-0.06764365,0.93859124
960,0.18031162,0.13349856
961,0.06764365,-0.93859124
962,0.053247835,-0.8987164
963,-0.1821111,-0.12851422
964,0.08059399,-0.8070226
965,0.08062265,-0.80710196
966,0.023556467,-0.8164746
967,-0.09326281,0.71928114
968,-0.1821111,-0.12851422
969,0.09509096,-0.70206326
970,-0.093304105,0.6859512
971,0.08062322,-0.8071036
972,0.09695145,-0.662566
973,-0.06698587,0.7693296
974,0.18301791,0.126046
975,0.11620082,-0.47030652
976,0.08689301,-0.7463317
977,0.06764365,-0.93859124
978,-0.06764365,0.93859124
979,0.06764365,-0.93859124
980,-0.08057609,0.80697304
981,0.068072826,-0.9564804
982,0.11620082,-0.47030652
983,0.05324733,-0.898715
984,0.11620082,-0.47030652
985,0.072539374,-0.88517594
986,0.1748164,0.08174382
987,0.090563595,-0.71180457
988,0.06698587,-0.7693296
989,-0.11620082,0.47030652
990,0.15971507,0.13985804
991,-0.086892985,0.74633163
992,-0.06616072,0.9456463
993,0.06764365,-0.93859124
994,0.080548115,-0.80689555
995,-0.053247377,0.89871514
996,-0.06499964,0.95256937
997,-0.066344924,0.9461565
998,-0.11620082,0.47030652
999,-0.06764365,0.93859124
1000,-0.080547854,0.8068948
1001,-0.066975035,0.9367392
1002,-0.06764365,0.93859124
1003,-0.067328066,0.9377171
1004,-0.06764365,0.93859124
1005,-0.053247355,0.8987151
1006,0.06764365,-0.93859124
1007,-0.080562845,0.8069363
1008,-0.15556705,0.110515654
1009,-0.053247318,0.89871496
1010,0.043705583,-0.62670726
1011,-0.11891617,0.4666651
1012,-0.06698587,0.7693296
1013,0.1748164,0.08174382
1014,0.11620082,-0.47030652
1015,-0.1721172,-0.08922036
1016,0.11982298,-0.46913326
1017,-0.080556154,0.8069178
1018,0.08057194,-0.80696154
1019,-0.1821111,-0.12851422
1020,-0.08057139,0.80696
1021,-0.06764365,0.93859124
1022,-0.08689302,0.7463317
1023,0.08055108,-0.8069037
1024,-0.08689301,0.7463317
1025,-0.1748164,-0.08174382
1026,-0.11620082,0.47030652
1027,0.06764365,-0.93859124
1028,-0.11620082,0.47030652
1029,0.12439877,-0.4260381
1030,-0.11620082,0.47030652
1031,0.062216483,-0.9458838
1032,0.1766159,0.07675947
1033,0.053247645,-0.89871585
1034,-0.11620082,0.47030652
1035,-0.080602586,0.8070464
1036,0.047063332,-0.9211139
1037,-0.06620592,0.94577146
1038,0.06698587,-0.7693296
1039,0.06764365,-0.93859124
1040,-0.08689301,0.7463317
1041,0.066477634,-0.9465241
1042,-0.06764365,0.93859124
1043,-0.07251957,0.8851211
1044,-0.06632151,0.94609165
1045,-0.086892985,0.74633163
1046,0.053247835,-0.8987164
1047,-0.1748164,-0.08174382
1048,0.15556705,-0.110515654
1049,-0.05324734,0.898715
1050,0.08689301,-0.7463317
1051,0.055402275,-0.65910465
1052,-0.053247772,0.8987162
1053,0.08061805,-0.80708927
1054,0.06698587,-0.7693296
1055,0.1748164,0.08174382
1056,0.080587424,-0.8070044
1057,-0.06764365,0.93859124
1058,0.121696025,-0.4185518
1059,0.06617177,-0.94567686
1060,-0.0805648,0.80694175
1061,-0.11620082,0.47030652
1062,0.15556705,-0.110515654
1063,0.06764365,-0.93859124
1064,-0.06764365,0.93859124
1065,0.12440234,-0.42600438
1066,-0.06698587,0.7693296
1067,0.080650926,-0.8071803
1068,0.15556705,-0.110515654
1069,-0.06764365,0.93859124
1070,-0.09695145,0.662566
1071,0.06674391,-0.93609905
1072,-0.08060929,0.80706495
1073,-0.08062463,0.80710745
1074,-0.080648825,0.8071745
1075,-0.05324781,0.89871633
1076,0.08689301,-0.7463317
1077,0.102031805,-0.39244914
1078,-0.0632966,0.93771297
1079,-0.15556705,0.110515654
1080,0.06764365,-0.93859124
1081,0.06617434,-0.945684
1082,0.08064319,-0.8071589
1083,-0.06609829,0.9454733
1084,0.12440234,-0.42600438
1085,-0.06696554,0.9367129
1086,0.1748164,0.08174382
1087,-0.06764365,0.93859124
1088,-0.1721172,-0.08922036
1089,-0.11620082,0.47030652
1090,-0.095090926,0.7020632
1091,0.08055607,-0.80691755
1092,-0.08056624,0.80694574
1093,-0.11620082,0.47030652
1094,0.1821111,0.12851422
1095,-0.08057573,0.806972
1096,-0.053247306,0.89871496
1097,0.0725276,-0.88514334
1098,-0.06764365,0.93859124
1099,-0.11620082,0.47030652
1100,0.06636787,-0.94622004
1101,0.11620082,-0.47030652
1102,0.06764365,-0.93859124
1103,0.06404471,-0.92862254
1104,-0.06764365,0.93859124
1105,-0.05324731,0.89871496
1106,-0.06764365,0.93859124
1107,0.18301435,0.12601231
1108,0.11620082,-0.47030652
1109,-0.11620082,0.47030652
1110,-0.06763867,0.9605698
1111,-0.095090866,0.7020631
1112,0.080670476,-0.80723447
1113,-0.0886925,0.7513161
1114,-0.11620082,0.47030652
1115,-0.06764365,0.93859124
1116,-0.06764365,0.93859124
1117,-0.08056897,0.8069533
1118,0.1748164,0.08174382
1119,0.08689301,-0.7463317
1120,-0.080589786,0.80701095
1121,0.08780889,-0.73770595
1122,0.08056731,-0.8069487
1123,0.07860889,-0.85729367
1124,0.06764365,-0.93859124
1125,0.062212966,-0.9458741
1126,-0.08273031,0.81847763
1127,-0.053247735,0.89871615
1128,-0.06764365,0.93859124
1129,0.06764365,-0.93859124
1130,-0.06764365,0.93859124
1131,0.06764365,-0.93859124
1132,0.06698587,-0.7693296
1133,0.06698587,-0.7693296
1134,0.06953991,-0.8768678
1135,-0.090563595,0.71180457
1136,0.0805503,-0.8069016
1137,-0.1748164,-0.08174382
1138,-0.053247835,0.8987164
1139,-0.08058807,0.80700624
1140,-0.06764365,0.93859124
1141,-0.080585696,0.8069996
1142,-0.08062985,0.80712193
1143,-0.06698587,0.7693296
1144,-0.06694668,0.9366607
1145,0.061771963,-0.6320549
1146,-0.06764365,0.93859124
1147,-0.06764365,0.93859124
1148,-0.08065855,0.8072014
1149,-0.1821111,-0.12851422
1150,-0.06764365,0.93859124
1151,-0.06764365,0.93859124
1152,-0.06764365,0.93859124
1153,0.11620082,-0.47030652
1154,0.08780889,-0.73770595
1155,-0.08058539,0.8069988
1156,-0.05324779,0.8987163
1157,0.06764365,-0.93859124
1158,-0.05324756,0.8987157
1159,0.061717156,-0.7831012
1160,-0.062216483,0.9458838
1161,0.11891617,-0.4666651
1162,-0.08058232,0.80699027
1163,0.06764365,-0.93859124
1164,-0.06764365,0.93859124
1165,0.11620082,-0.47030652
1166,-0.06764365,0.93859124
1167,-0.08055946,0.80692697
1168,-0.06674391,0.93609905
1169,-0.066385366,0.9462685
1170,-0.053247806,0.89871633
1171,-0.13332972,-0.2542454
1172,0.09695145,-0.662566
1173,0.05233197,-0.90734214
1174,-0.080647804,0.80717164
1175,-0.06764365,0.93859124
1176,0.06764365,-0.93859124
1177,-0.11620082,0.47030652
1178,-0.06764365,0.93859124
1179,0.053247526,-0.89871556
1180,0.06764365,-0.93859124
1181,0.023556467,-0.8164746
1182,0.0886925,-0.7513161
1183,0.1748164,0.08174382
1184,0.08055615,-0.8069178
1185,-0.06764365,0.93859124
1186,-0.06764365,0.93859124
1187,0.053247306,-0.89871496
1188,-0.1821111,-0.12851422
1189,0.093304105,-0.6859512
1190,0.053247508,-0.8987155
1191,-0.024885397,0.83685595
1192,0.07254411,-0.8851891
1193,0.05324731,-0.89871496
1194,0.06764365,-0.93859124
1195,-0.05324732,0.89871496
1196,0.06764365,-0.93859124
1197,0.022186197,-0.82937944
1198,0.09695145,-0.662566
1199,-0.023556467,0.8164746
1200,0.03598026,-0.8491123
1201,-0.053247575,0.8987157
1202,0.08419381,-0.7388552
1203,0.06763955,-0.9605616
1204,-0.06698587,0.7693296
1205,0.1748164,0.08174382
1206,0.053247366,-0.8987151
1207,-0.053247835,0.8987164
1208,-0.080622815,0.80710244
1209,-0.053247496,0.8987155
1210,-0.0932628,0.7192811
1211,0.06764365,-0.93859124
1212,0.06764365,-0.93859124
1213,-0.1748164,-0.08174382
1214,-0.08689301,0.7463317
1215,-0.06764365,0.93859124
1216,0.06634509,-0.946157
1217,0.06764365,-0.93859124
1218,-0.15556705,0.110515654
1219,0.06953991,-0.8768678
1220,0.11620082,-0.47030652
1221,0.06404471,-0.92862254
1222,-0.053247377,0.89871514
1223,-0.08689301,0.7463317
1224,0.053247835,-0.8987164
1225,-0.023922473,-0.7016636
1226,-0.15556705,0.110515654
1227,0.06619084,-0.9457297
1228,0.053247824,-0.8987164
1229,-0.11620082,0.47030652
1230,-0.066179745,0.945699
1231,0.0769959,-0.7189178
1232,0.15556705,-0.110515654
1233,-0.1748164,-0.08174382
1234,0.0769959,-0.7189178
1235,0.1748164,0.08174382
1236,0.06764365,-0.93859124
1237,0.053247377,-0.89871514
1238,0.1821111,0.12851422
1239,-0.08689302,0.7463317
1240,0.06698587,-0.7693296
1241,-0.056062695,0.7678226
1242,0.05324781,-0.89871633
1243,0.06764365,-0.93859124
1244,-0.16491929,-0.109157756
1245,0.06764365,-0.93859124
1246,-0.09051517,0.74515843
1247,0.09605171,-0.6600738
1248,-0.053247835,0.8987164
1249,-0.06698587,0.7693296
1250,-0.06764365,0.93859124
1251,-0.053247325,0.898715
1252,0.08057049,-0.8069575
1253,-0.023922443,-0.7016637
1254,0.08067484,-0.80724657
1255,-0.1721172,-0.08922036
1256,-0.18031162,-0.13349856
1257,-0.08055311,0.8069094
1258,0.15556705,-0.110515654
1259,0.0869824,-0.7455325
1260,-0.06764365,0.93859124
1261,0.08689302,-0.7463317
1262,-0.06764365,0.93859124
1263,-0.08056657,0.80694664
1264,-0.08054866,0.80689704
1265,-0.1190041,0.47684574
1266,0.06764365,-0.93859124
1267,0.053247306,-0.89871496
1268,-0.18301436,-0.12601231
1269,0.1811862,0.10879445
1270,0.06764365,-0.93859124
1271,0.06764365,-0.93859124
1272,0.11620082,-0.47030652
1273,-0.053247824,0.8987164
1274,-0.1748164,-0.08174382
1275,-0.08689301,0.7463317
1276,-0.08060627,0.8070566
1277,-0.11620082,0.47030652
1278,-0.06764365,0.93859124
1279,-0.0932628,0.7192811
1280,-0.06764365,0.93859124
1281,0.124397025,-0.42603326
1282,0.08689301,-0.7463317
1283,0.13621183,0.24448748
1284,0.11620082,-0.47030652
1285,-0.05772862,0.64144945
1286,0.1334607,0.21861984
1287,0.05324779,-0.8987163
1288,-0.055402283,0.6591046
1289,-0.0769959,0.7189178
1290,-0.0532475,0.8987155
1291,-0.06764365,0.93859124
1292,0.15556705,-0.110515654
1293,0.08689301,-0.7463317
1294,0.06764365,-0.93859124
1295,-0.06764365,0.93859124
1296,0.05324733,-0.898715
1297,-0.11620082,0.47030652
1298,0.08065657,-0.80719596
1299,-0.06764365,0.93859124
1300,0.06764365,-0.93859124
1301,0.06615342,-0.9456261
1302,-0.06583159,0.94469106
1303,-0.04098242,0.9098513
1304,0.06764365,-0.93859124
1305,0.12439877,-0.4260381
1306,-0.06764365,0.93859124
1307,0.1721172,0.08922036
1308,-0.17753175,-0.08538525
1309,0.080564596,-0.80694115
1310,0.11620082,-0.47030652
1311,-0.0769959,0.7189178
1312,0.08689301,-0.7463317
1313,0.1748164,0.08174382
1314,0.06698587,-0.7693296
1315,-0.06764365,0.93859124
1316,-0.06764365,0.93859124
1317,0.019630976,0.6968501
1318,0.17753175,0.08538525
1319,0.08065657,-0.80719596
1320,-0.11620082,0.47030652
1321,-0.053247392,0.8987152
1322,-0.079069115,0.292621
1323,-0.06627508,0.945963
1324,0.06764365,-0.93859124
1325,0.062212966,-0.9458741
1326,0.14448835,0.30111647
1327,-0.06764365,0.93859124
1328,-0.024456207,0.8189668
1329,0.08056253,-0.8069354
1330,0.06764365,-0.93859124
1331,-0.053247835,0.8987164
1332,-0.06764365,0.93859124
1333,0.05143223,-0.90485
1334,0.04330319,-0.78009486
1335,-0.12078017,0.4271776
1336,-0.07860891,0.8572937
1337,-0.06764365,0.93859124
1338,0.06764365,-0.93859124
1339,-0.053247835,0.8987164
1340,0.11620082,-0.47030652
1341,-0.06696091,0.9367001
1342,0.08064065,-0.80715185
1343,0.053247735,-0.89871615
1344,-0.0532475,0.8987155
1345,0.10087255,-0.37203568
1346,0.11620082,-0.47030652
1347,-0.056094162,0.76752573
1348,-0.053247314,0.89871496
1349,-0.06764365,0.93859124
1350,-0.06698587,0.7693296
1351,0.053247795,-0.8987163
1352,0.08055665,-0.80691916
1353,-0.024499387,0.8190864
1354,0.086892985,-0.74633163
1355,0.11620082,-0.47030652
1356,-0.15556705,0.110515654
1357,-0.18301436,-0.12601231
1358,0.16408408,0.15612178
1359,0.095090926,-0.7020632
1360,-0.1748164,-0.08174382
1361,0.06651348,-0.9466234
1362,-0.06764365,0.93859124
1363,-0.09695145,0.662566
1364,0.06764365,-0.93859124
1365,0.06698587,-0.7693296
1366,-0.08061613,0.8070839
1367,-0.12440234,0.42600438
1368,-0.06698587,0.7693296
1369,-0.07223912,0.8843442
1370,-0.06762752,0.9497091
1371,-0.06171702,0.78310126
1372,0.12170312,-0.41852784
1373,0.08689301,-0.7463317
1374,-0.10630369,0.44289267
1375,0.080649994,-0.8071777
1376,0.06764365,-0.93859124
1377,0.15556705,-0.110515654
1378,-0.11983203,0.45803928
1379,0.09695145,-0.662566
1380,0.06764365,-0.93859124
1381,0.05063416,-0.7110982
1382,-0.06764365,0.93859124
1383,-0.15556705,0.110515654
1384,-0.05324739,0.8987152
1385,-0.08059698,0.8070309
1386,0.06764365,-0.93859124
1387,-0.06764365,0.93859124
1388,0.061717153,-0.7831012
1389,-0.12261191,0.409926
1390,-0.11620082,0.47030652
1391,0.15556705,-0.110515654
1392,-0.14917207,0.15977818
1393,0.06764365,-0.93859124
1394,-0.1748164,-0.08174382
1395,-0.1748164,-0.08174382
1396,-0.06764365,0.93859124
1397,-0.08060456,0.8070519
1398,0.06764365,-0.93859124
1399,0.08063929,-0.80714804
1400,0.1748164,0.08174382
1401,-0.088692464,0.751316
1402,0.068072826,-0.9564804
1403,0.053247698,-0.89871603
1404,0.08059238,-0.80701816
1405,0.08058931,-0.80700964
1406,-0.06764365,0.93859124
1407,0.08689301,-0.7463317
1408,-0.08689302,0.7463317
1409,0.11620082,-0.47030652
1410,0.15556705,-0.110515654
1411,-0.06764365,0.93859124
1412,0.06698587,-0.7693296
1413,0.06698587,-0.7693296
1414,0.053247835,-0.8987164
1415,0.06764365,-0.93859124
1416,0.0769959,-0.7189178
1417,-0.09695145,0.662566
1418,-0.06698587,0.7693296
1419,0.01985947,-0.64298147
1420,0.06764365,-0.93859124
1421,0.05324783,-0.8987164
1422,-0.09326281,0.71928114
1423,0.15556705,-0.110515654
1424,-0.043705568,0.62670726
1425,-0.06764365,0.93859124
1426,0.11453393,0.24871962
1427,0.06698587,-0.7693296
1428,0.11620082,-0.47030652
1429,-0.011552919,0.75304174
1430,0.06646181,-0.9464802
1431,-0.08062696,0.8071139
1432,-0.06764365,0.93859124
1433,0.1821111,0.12851422
1434,-0.0886925,0.7513161
1435,0.06764365,-0.93859124
1436,-0.09326281,0.7192811
1437,0.05324745,-0.8987153
1438,0.080666244,-0.8072227
1439,0.053247325,-0.898715
1440,0.08689302,-0.7463317
1441,-0.053247835,0.8987164
1442,-0.08689301,0.7463317
1443,0.06344291,-0.9381182
1444,0.053247318,-0.89871496
1445,0.040982425,-0.9098513
1446,0.08055373,-0.8069111
1447,0.11620082,-0.47030652
1448,0.15556705,-0.110515654
1449,0.080584615,-0.80699664
1450,-0.06698587,0.7693296
1451,-0.1748164,-0.08174382
1452,-0.14917207,0.15977818
1453,0.11620082,-0.47030652
1454,-0.06764365,0.93859124
1455,-0.06764365,0.93859124
1456,-0.050632395,0.71109486
1457,0.08056927,-0.8069541
1458,-0.05324762,0.8987158
1459,-0.05324739,0.8987152
1460,-0.11620082,0.47030652
1461,0.053247318,-0.89871496
1462,-0.06698587,0.7693296
1463,-0.043705583,0.62670726
1464,-0.11620082,0.47030652
1465,0.06764365,-0.93859124
1466,0.12439877,-0.4260381
1467,0.08698475,-0.74551034
1468,-0.18301791,-0.126046
1469,0.06630305,-0.9460405
1470,-0.06698587,0.7693296
1471,-0.06698587,0.7693296
1472,0.06764365,-0.93859124
1473,-0.053247463,0.8987154
1474,0.053247653,-0.8987159
1475,0.11620082,-0.47030652
1476,0.053247403,-0.8987152
1477,0.067706116,-0.95997745
1478,0.08055122,-0.80690414
1479,-0.11620082,0.47030652
1480,0.09730819,-0.3793652
1481,0.08058405,-0.80699503
1482,-0.06764365,0.93859124
1483,0.09695145,-0.662566
1484,0.15556705,-0.110515654
1485,-0.08056024,0.8069291
1486,-0.08698502,0.7455078
1487,0.053247325,-0.898715
1488,-0.06698587,0.7693296
1489,0.07699591,-0.7189178
1490,-0.066505685,0.94660175
1491,-0.1748164,-0.08174382
1492,0.062216483,-0.9458838
1493,-0.15556705,0.110515654
1494,-0.11620082,0.47030652
1495,0.121696025,-0.4185518
1496,-0.09509096,0.70206326
1497,-0.08061904,0.80709195
1498,-0.11620082,0.47030652
1499,-0.18301435,-0.12601231
1500,-0.11387616,-0.25054157
1501,-0.15556705,0.110515654
1502,0.11620082,-0.47030652
1503,0.08689301,-0.7463317
1504,-0.06626027,0.945922
1505,-0.087808885,0.73770595
1506,0.06764365,-0.93859124
1507,-0.053247355,0.8987151
1508,-0.09509096,0.70206326
1509,0.03928133,-0.87673116
1510,0.07938316,-0.3236315
1511,-0.10944991,0.53393054
1512,0.06700951,-0.93683475
1513,0.053247593,-0.89871573
1514,-0.080667414,0.807226
1515,0.15556705,-0.110515654
1516,0.08063107,-0.80712533
1517,0.0805752,-0.80697054
1518,0.06698587,-0.7693296
1519,-0.080655634,0.80719334
1520,0.06404471,-0.92862254
1521,0.18301435,0.12601231
1522,0.066496976,-0.94657767
1523,0.08419381,-0.7388552
1524,-0.08055939,0.8069267
1525,0.08059621,-0.8070288
1526,-0.06764365,0.93859124
1527,-0.053247623,0.8987158
1528,0.11620082,-0.47030652
1529,0.1748164,0.08174382
1530,-0.18031162,-0.13349856
1531,0.088692464,-0.751316
1532,-0.06770705,0.9599689
1533,0.067331836,-0.9377275
1534,0.06764365,-0.93859124
1535,-0.1748164,-0.08174382
1536,0.1821111,0.12851422
1537,0.1748164,0.08174382
1538,0.15556705,-0.110515654
1539,-0.1748164,-0.08174382
1540,-0.11620082,0.47030652
1541,-0.080593675,0.80702174
1542,0.039411947,-0.81396717
1543,0.06764365,-0.93859124
1544,-0.053764004,0.5429416
1545,0.08689301,-0.7463317
1546,-0.053247333,0.898715
1547,-0.08689299,0.74633163
1548,0.06698587,-0.7693296
1549,-0.06764365,0.93859124
1550,-0.11620082,0.47030652
1551,0.053247627,-0.89871585
1552,-0.066982865,0.9367609
1553,0.15556705,-0.110515654
1554,-0.15556705,0.110515654
1555,-0.09695145,0.662566
1556,0.08065415,-0.8071892
1557,-0.1821111,-0.12851422
1558,-0.053247835,0.8987164
1559,-0.15556705,0.110515654
1560,0.06764365,-0.93859124
1561,-0.1721172,-0.08922036
1562,-0.09629366,0.49330437
1563,0.06764365,-0.93859124
1564,-0.06764365,0.93859124
1565,0.11620082,-0.47030652
1566,0.06764365,-0.93859124
1567,-0.06764365,0.93859124
1568,0.11620082,-0.47030652
1569,0.11620082,-0.47030652
1570,-0.06764365,0.93859124
1571,0.05324736,-0.8987151
1572,0.066450916,-0.9464501
1573,-0.05540218,0.65910554
1574,-0.053247705,0.89871603
1575,0.102031805,-0.39244914
1576,-0.12439877,0.4260381
1577,0.08689299,-0.74633163
1578,0.06625534,-0.94590837
1579,0.08689301,-0.7463317
1580,0.053247306,-0.89871496
1581,-0.06764365,0.93859124
1582,0.05324734,-0.898715
1583,0.04841625,-0.89906096
1584,-0.053247835,0.8987164
1585,-0.06764365,0.93859124
1586,0.08057475,-0.8069693
1587,0.086893,-0.7463317
1588,-0.06646536,0.9464901
1589,0.11620082,-0.47030652
1590,-0.11620082,0.47030652
1591,0.08419381,-0.7388552
1592,0.15556705,-0.110515654
1593,-0.08060536,0.8070541
1594,0.15556705,-0.110515654
1595,-0.0806217,0.80709934
1596,0.053247835,-0.8987164
1597,0.16491929,0.109157756
1598,0.043705583,-0.62670726
1599,0.15556705,-0.110515654
1600,0.06764365,-0.93859124
1601,-0.053247325,0.898715
1602,-0.09509096,0.70206326
1603,-0.06698587,0.7693296
1604,-0.11620082,0.47030652
1605,0.08055657,-0.806919
1606,0.06764365,-0.93859124
1607,0.11620082,-0.47030652
1608,-0.0663421,0.94614863
1609,-0.0886925,0.7513161
1610,0.15556705,-0.110515654
1611,0.1748164,0.08174382
1612,-0.1748164,-0.08174382
1613,0.05324781,-0.89871633
1614,0.15556705,-0.110515654
1615,-0.06658761,0.9468287
1616,0.043705583,-0.62670726
1617,0.06764365,-0.93859124
1618,0.08065116,-0.80718094
1619,-0.18119523,-0.11988841
1620,0.15556705,-0.110515654
1621,-0.06764365,0.93859124
1622,0.06764365,-0.93859124
1623,-0.05324731,0.89871496
1624,-0.066166215,0.9456615
1625,-0.066168666,0.672642
1626,-0.053247645,0.89871585
1627,-0.06764365,0.93859124
1628,-0.06672779,0.947217
1629,-0.0905152,0.74515843
1630,0.06698587,-0.7693296
1631,-0.06637169,0.94623065
1632,-0.05367695,0.91660535
1633,0.06764365,-0.93859124
1634,0.121696025,-0.4185518
1635,-0.09695145,0.662566
1636,0.08689299,-0.74633163
1637,-0.02449939,0.8190864
1638,0.06583159,-0.94469106
1639,0.08689302,-0.7463317
1640,-0.053247835,0.8987164
1641,0.086892985,-0.74633163
1642,-0.06764365,0.93859124
1643,-0.055402275,0.65910465
1644,0.06764365,-0.93859124
1645,0.06764365,-0.93859124
1646,0.06764365,-0.93859124
1647,-0.06170398,0.7832278
1648,-0.06764365,0.93859124
1649,-0.086893,0.7463317
1650,-0.06764365,0.93859124
1651,0.06658531,-0.94682235
1652,-0.08689301,0.7463317
1653,-0.095090926,0.7020632
1654,-0.15556705,0.110515654
1655,0.047063302,-0.92111385
1656,0.086893,-0.7463317
1657,-0.080207795,0.80929416
1658,-0.06812818,0.7227206
1659,0.080629736,-0.80712163
1660,-0.11620082,0.47030652
1661,0.080643125,-0.8071587
1662,0.053793777,-0.543024
1663,-0.06764365,0.93859124
1664,-0.15556705,0.110515654
1665,-0.1748164,-0.08174382
1666,0.05324783,-0.8987164
1667,0.06698587,-0.7693296
1668,-0.095090926,0.7020632
1669,0.06764365,-0.93859124
1670,-0.17753175,-0.08538525
1671,-0.15556705,0.110515654
1672,0.11620082,-0.47030652
1673,0.06764365,-0.93859124
1674,0.053247835,-0.8987164
1675,0.06764365,-0.93859124
1676,-0.06764365,0.93859124
1677,-0.08689301,0.7463317
1678,0.07223912,-0.8843442
1679,0.05324732,-0.89871496
1680,0.15556705,-0.110515654
1681,0.040982414,-0.9098513
1682,-0.06764365,0.93859124
1683,0.072538935,-0.88517475
1684,0.08059341,-0.80702096
1685,-0.072528355,0.8851454
1686,-0.1821111,-0.12851422
1687,0.15556705,-0.110515654
1688,0.090563595,-0.71180457
1689,-0.068072826,0.9564804
1690,-0.06764365,0.93859124
1691,0.06764365,-0.93859124
1692,-0.08689301,0.7463317
1693,-0.09695145,0.662566
1694,0.0769959,-0.7189178
1695,-0.11620082,0.47030652
1696,-0.11620082,0.47030652
1697,0.06615407,-0.94562787
1698,-0.06764365,0.93859124
1699,0.06953991,-0.8768678
1700,-0.06764365,0.93859124
1701,-0.1748164,-0.08174382
1702,0.055402275,-0.65910465
1703,0.11620082,-0.47030652
1704,-0.16770267,-0.15726133
1705,0.06652836,-0.9466646
1706,-0.08057546,0.80697125
1707,0.06764365,-0.93859124
1708,0.053247824,-0.8987164
1709,0.08057595,-0.8069726
1710,0.0769959,-0.7189178
1711,-0.06698587,0.7693296
1712,0.1821111,0.12851422
1713,-0.06764365,0.93859124
1714,-0.0886925,0.7513161
1715,-0.05324776,0.8987162
1716,0.06764365,-0.93859124
1717,-0.06764365,0.93859124
1718,-0.06764365,0.93859124
1719,0.04706335,-0.92111397
1720,-0.15556705,0.110515654
1721,0.06764365,-0.93859124
1722,-0.09695145,0.662566
1723,0.06764365,-0.93859124
1724,0.06764365,-0.93859124
1725,0.06698587,-0.7693296
1726,-0.06764365,0.93859124
1727,0.14642447,-0.18565556
1728,-0.080642916,0.8071581
1729,-0.0932628,0.7192811
1730,-0.06953991,0.8768678
1731,0.11891617,-0.4666651
1732,-0.06764365,0.93859124
1733,0.06764365,-0.93859124
1734,-0.0769959,0.7189178
1735,0.06698587,-0.7693296
1736,0.053247333,-0.898715
1737,-0.09326281,0.7192811
1738,0.06812819,-0.7227207
1739,-0.080597,0.8070309
1740,-0.06694389,0.93665296
1741,-0.080558,0.8069229
1742,0.15556705,-0.110515654
1743,0.06764365,-0.93859124
1744,-0.06764365,0.93859124
1745,-0.06764365,0.93859124
1746,0.036943313,-0.80712914
1747,0.086892985,-0.74633163
1748,0.06764365,-0.93859124
1749,0.053247623,-0.8987158
1750,0.11620082,-0.47030652
1751,-0.15556705,0.110515654
1752,-0.06764365,0.93859124
1753,0.07586129,-0.883171
1754,-0.053247314,0.89871496
1755,0.06764365,-0.93859124
1756,0.06764365,-0.93859124
1757,-0.05143223,0.90485
1758,0.06674391,-0.93609905
1759,-0.06627124,0.9459524
1760,-0.18301435,-0.12601231
1761,0.053247835,-0.8987164
1762,0.18301435,0.12601231
1763,-0.15556705,0.110515654
1764,-0.08055081,0.806903
1765,0.08055371,-0.80691105
1766,0.053247478,-0.89871544
1767,0.06764365,-0.93859124
1768,-0.053247835,0.8987164
1769,0.06764365,-0.93859124
1770,-0.07223912,0.8843442
1771,-0.10201566,0.40356708
1772,0.05324733,-0.898715
1773,0.06764365,-0.93859124
1774,0.09695145,-0.662566
1775,-0.06764365,0.93859124
1776,0.053247306,-0.89871496
1777,-0.053764004,0.5429416
1778,0.06697817,-0.9367479
1779,0.07906912,-0.292621
1780,-0.18031162,-0.13349856
1781,-0.1748164,-0.08174382
1782,0.07253959,-0.88517654
1783,0.09695145,-0.662566
1784,0.06695583,-0.93668604
1785,0.06698587,-0.7693296
1786,-0.09695145,0.662566
1787,-0.15556705,0.110515654
1788,0.121696025,-0.4185518
1789,0.066991374,-0.9367845
1790,-0.08055491,0.8069143
1791,0.06491216,-0.95335054
1792,-0.07315499,0.87571853
1793,-0.095090926,0.7020632
1794,-0.080573395,0.80696553
1795,0.080629475,-0.8071209
1796,0.05324734,-0.898715
1797,-0.06991467,0.49660185
1798,0.066359974,-0.94619817
1799,-0.0886925,0.7513161
1800,0.1821111,0.12851422
1801,0.06735466,-0.93779075
1802,-0.06651751,0.94663453
1803,0.053247504,-0.8987155
1804,0.15556705,-0.110515654
1805,-0.09509096,0.70206326
1806,0.08066632,-0.80722296
1807,0.06583159,-0.94469106
1808,-0.06698587,0.7693296
1809,-0.06764365,0.93859124
1810,0.08689299,-0.74633163
1811,0.053247422,-0.89871526
1812,0.1748164,0.08174382
1813,0.053247835,-0.8987164
1814,-0.08689301,0.7463317
1815,-0.08689301,0.7463317
1816,-0.067354225,0.93778956
1817,0.08063591,-0.80713874
1818,0.0886925,-0.7513161
1819,0.11620082,-0.47030652
1820,0.15556705,-0.110515654
1821,0.07253889,-0.88517463
1822,0.06764365,-0.93859124
1823,-0.06698587,0.7693296
1824,-0.080625,0.80710846
1825,0.06997374,-0.53025275
1826,0.08060914,-0.8070646
1827,0.053247835,-0.8987164
1828,0.053247727,-0.8987161
1829,0.08063881,-0.8071467
1830,0.053247806,-0.89871633
1831,0.06698587,-0.7693296
1832,-0.080561966,0.8069339
1833,-0.09509096,0.70206326
1834,-0.15556705,0.110515654
1835,-0.074070856,0.8670927
1836,-0.050075363,0.5996567
1837,0.07251689,-0.88511366
1838,-0.080558404,0.80692405
1839,-0.16408408,-0.15612178
1840,-0.11620082,0.47030652
1841,-0.11620082,0.47030652
1842,0.0886925,-0.7513161
1843,-0.08054841,0.8068964
1844,-0.05145792,0.9155677
1845,-0.053247347,0.8987151
1846,0.15556705,-0.110515654
1847,-0.053247347,0.8987151
1848,-0.08057478,0.8069694
1849,0.06667229,-0.94706327
1850,0.12439877,-0.4260381
1851,0.11620082,-0.47030652
1852,0.047624383,0.5727107
1853,0.06764365,-0.93859124
1854,0.11620082,-0.47030652
1855,0.0769959,-0.7189178
1856,-0.06674391,0.93609905
1857,0.06764365,-0.93859124
1858,0.055402275,-0.65910465
1859,-0.06698587,0.7693296
1860,0.080579974,-0.80698377
1861,0.08055906,-0.80692583
1862,-0.0470634,0.921114
1863,0.13983048,0.24567042
1864,-0.053247377,0.89871514
1865,-0.11620082,0.47030652
1866,-0.095090866,0.7020631
1867,-0.05540218,0.65910554
1868,0.06669718,-0.9471322
1869,-0.1721172,-0.08922036
1870,-0.15556705,0.110515654
1871,0.053247366,-0.8987151
1872,0.036942918,-0.8071282
1873,0.06764365,-0.93859124
1874,-0.06764365,0.93859124
1875,-0.06698587,0.7693296
1876,0.095090926,-0.7020632
1877,-0.06764365,0.93859124
1878,0.0886925,-0.7513161
1879,0.18301435,0.12601231
1880,0.08419381,-0.7388552
1881,0.08689301,-0.7463317
1882,0.06764365,-0.93859124
1883,0.06764365,-0.93859124
1884,-0.06764365,0.93859124
1885,0.15556705,-0.110515654
1886,-0.06764365,0.93859124
1887,-0.06764365,0.93859124
1888,0.04706343,-0.9211141
1889,-0.11620082,0.47030652
1890,-0.1748164,-0.08174382
1891,-0.08294535,0.5831711
1892,0.053247835,-0.8987164
1893,0.06764365,-0.93859124
1894,-0.053247314,0.89871496
1895,-0.12261191,0.409926
1896,-0.1748164,-0.08174382
1897,0.06698587,-0.7693296
1898,0.080589436,-0.80701
1899,-0.06698587,0.7693296
1900,-0.18301435,-0.12601231
1901,0.11620082,-0.47030652
1902,-0.05324731,0.89871496
1903,0.06764365,-0.93859124
1904,-0.053247835,0.8987164
1905,0.16491929,0.109157756
1906,0.11620082,-0.47030652
1907,-0.095090926,0.7020632
1908,0.12439877,-0.4260381
1909,-0.053247306,0.89871496
1910,0.11620082,-0.47030652
1911,0.11620082,-0.47030652
1912,0.053247437,-0.8987153
1913,-0.06764365,0.93859124
1914,0.06764365,-0.93859124
1915,0.15556705,-0.110515654
1916,0.18301791,0.126046
1917,-0.06764365,0.93859124
1918,-0.06764365,0.93859124
1919,-0.08065367,0.8071879
1920,0.08056633,-0.806946
1921,-0.08419347,0.7388542
1922,0.06699654,-0.9367988
1923,-0.08065829,0.8072007
1924,-0.14830685,0.20086816
1925,-0.12439866,0.4260379
1926,-0.06698587,0.7693296
1927,-0.06764365,0.93859124
1928,-0.06764365,0.93859124
1929,0.11620082,-0.47030652
1930,0.05324774,-0.89871615
1931,-0.11620082,0.47030652
1932,-0.15556705,0.110515654
1933,-0.03165767,0.21380606
1934,-0.053247824,0.8987164
1935,-0.072512604,0.8851018
1936,-0.07315499,0.87571853
1937,0.15556705,-0.110515654
1938,0.1821111,0.12851422
1939,0.053247362,-0.8987151
1940,-0.053247787,0.8987163
1941,0.06698587,-0.7693296
1942,-0.08065767,0.807199
1943,0.035980307,-0.8491109
1944,0.05286427,-0.5404494
1945,-0.15556705,0.110515654
1946,0.024499375,-0.8190864
1947,-0.06764365,0.93859124
1948,0.069973454,-0.530252
1949,0.066354215,-0.9461822
1950,-0.06764365,0.93859124
1951,-0.06698587,0.7693296
1952,-0.0664644,0.9464874
1953,-0.08689299,0.74633163
1954,0.08064488,-0.8071636
1955,0.06619965,-0.9457541
1956,0.11620082,-0.47030652
1957,-0.06764365,0.93859124
1958,0.06764365,-0.93859124
1959,-0.15556705,0.110515654
1960,-0.18301436,-0.12601231
1961,0.05540218,-0.65910554
1962,-0.05324733,0.898715
1963,0.0886925,-0.7513161
1964,-0.09326281,0.71928114
1965,0.09509453,-0.7020295
1966,0.0769959,-0.7189178
1967,0.068072826,-0.9564804
1968,0.1821111,0.12851422
1969,-0.055402275,0.65910465
1970,-0.080585666,0.80699956
1971,0.1821111,0.12851422
1972,-0.06698587,0.7693296
1973,0.05324765,-0.8987159
1974,0.05324735,-0.8987151
1975,0.06764365,-0.93859124
1976,0.11620082,-0.47030652
1977,-0.06764365,0.93859124
1978,-0.08055326,0.8069098
1979,0.06171692,-0.783102
1980,0.06764365,-0.93859124
1981,-0.08060991,0.8070667
1982,-0.062212966,0.9458741
1983,-0.11620082,0.47030652
1984,0.15556705,-0.110515654
1985,-0.16491929,-0.109157756
1986,0.08055038,-0.8069018
1987,-0.053247314,0.89871496
1988,0.1821111,0.12851422
1989,0.11620082,-0.47030652
1990,0.06997419,-0.530254
1991,-0.15556705,0.110515654
1992,-0.053247835,0.8987164
1993,-0.06764365,0.93859124
1994,-0.06764365,0.93859124
1995,-0.062216483,0.9458838
1996,0.05324732,-0.89871496
1997,0.11350159,-0.46283007
1998,-0.11620082,0.47030652
1999,-0.11620082,0.47030652
2000,-0.08689302,0.7463317
2001,-0.08056688,0.8069475
2002,-0.06764365,0.93859124
2003,-0.18301435,-0.12601231
2004,0.10630369,-0.4428926
2005,0.057961226,-0.64209366
2006,0.06764365,-0.93859124
2007,0.17753175,0.08538525
2008,0.0886925,-0.7513161
2009,-0.08054771,0.8068944
2010,-0.06764365,0.93859124
2011,0.053247333,-0.898715
2012,0.15556705,-0.110515654
2013,-0.06770541,0.9599841
2014,0.08689298,-0.74633163
2015,-0.06764365,0.93859124
2016,-0.06764365,0.93859124
2017,-0.08059093,0.8070141
2018,0.06764365,-0.93859124
2019,-0.06699215,0.93678665
2020,0.06583158,-0.94469106
2021,0.095090926,-0.7020632
2022,-0.09509096,0.70206326
2023,0.06953991,-0.8768678
2024,-0.08055866,0.8069247
2025,-0.11620082,0.47030652
2026,0.05324741,-0.89871526
2027,0.11620082,-0.47030652
2028,0.08060426,-0.80705106
2029,0.06764365,-0.93859124
2030,0.17753175,0.08538525
2031,0.08058676,-0.8070026
2032,-0.05540218,0.65910554
2033,-0.061771963,0.6320549
2034,0.06698587,-0.7693296
2035,0.053247415,-0.89871526
2036,-0.09051517,0.74515843
2037,0.15556705,-0.110515654
2038,-0.11620082,0.47030652
2039,0.06698587,-0.7693296
2040,-0.11620082,0.47030652
2041,-0.15556705,0.110515654
2042,-0.05324731,0.89871496
2043,0.06764365,-0.93859124
2044,0.09326281,-0.7192811
2045,-0.05540218,0.65910554
2046,-0.08968857,0.75294346
2047,0.08063554,-0.80713767
2048,-0.06698587,0.7693296
2049,-0.08062009,0.8070949
2050,0.040748283,-0.7971181
2051,0.09695145,-0.662566
2052,0.0725355,-0.8851652
2053,0.06764365,-0.93859124
2054,0.11620082,-0.47030652
2055,-0.06764365,0.93859124
2056,-0.12439877,0.4260381
2057,0.07253962,-0.88517666
2058,-0.06764365,0.93859124
2059,-0.121696025,0.4185518
2060,-0.06764365,0.93859124
2061,0.12439877,-0.4260381
2062,0.06698587,-0.7693296
2063,-0.08689301,0.7463317
2064,-0.09695145,0.662566
2065,-0.090563595,0.71180457
2066,-0.069973335,0.5302516
2067,-0.12765974,0.16204464
2068,-0.08689301,0.7463317
2069,-0.121696025,0.4185518
2070,-0.06764365,0.93859124
2071,0.080572896,-0.80696416
2072,0.11620082,-0.47030652
2073,-0.06583159,0.94469106
2074,-0.06695209,0.93667567
2075,-0.053247806,0.89871633
2076,0.05141557,-0.9159665
2077,-0.068072826,0.9564804
2078,-0.061717354,0.7831015
2079,0.086892985,-0.74633163
2080,0.066097386,-0.94547087
2081,0.06698587,-0.7693296
2082,-0.08689302,0.7463317
2083,-0.11620082,0.47030652
2084,0.05324783,-0.8987164
2085,-0.11620082,0.47030652
2086,0.063398704,-0.9379958
2087,-0.053247314,0.89871496
2088,0.15556705,-0.110515654
2089,-0.06764365,0.93859124
2090,0.080596544,-0.80702966
2091,-0.06699142,0.9367846
2092,0.07586129,-0.883171
2093,-0.06698587,0.7693296
2094,-0.08067967,0.8072599
2095,0.04792958,-0.58589774
2096,0.06764365,-0.93859124
2097,0.08057883,-0.8069806
2098,-0.07587744,-0.3781191
2099,0.06764365,-0.93859124
2100,-0.1811862,-0.10879445
2101,0.12439877,-0.4260381
2102,-0.06764365,0.93859124
2103,-0.06698587,0.7693296
2104,0.11620082,-0.47030652
2105,-0.12439877,0.4260381
2106,0.01985947,-0.64298147
2107,-0.05380718,0.54306114
2108,0.086892985,-0.74633163
2109,-0.08055907,0.8069259
2110,-0.024824984,0.48274416
2111,0.06764365,-0.93859124
2112,-0.11620082,0.47030652
2113,-0.06698587,0.7693296
2114,0.06615747,-0.9456373
2115,-0.06764365,0.93859124
2116,0.06764365,-0.93859124
2117,0.06698587,-0.7693296
2118,0.08689301,-0.7463317
2119,0.09326281,-0.7192811
2120,0.06649651,-0.94657636
2121,0.053247306,-0.89871496
2122,0.06698587,-0.7693296
2123,-0.08056611,0.8069454
2124,-0.06764365,0.93859124
2125,-0.095090866,0.7020631
2126,-0.080552906,0.8069088
2127,0.06698399,-0.93676406
2128,0.0886925,-0.7513161
2129,0.1721172,0.08922036
2130,0.08065607,-0.80719453
2131,-0.066950426,0.9366711
2132,0.05324731,-0.89871496
2133,-0.15556705,0.110515654
2134,-0.06694699,0.93666154
2135,0.080554314,-0.8069127
2136,0.06698587,-0.7693296
2137,-0.06698587,0.7693296
2138,0.0886925,-0.7513161
2139,-0.15556705,0.110515654
2140,0.15556705,-0.110515654
2141,0.05324783,-0.8987164
2142,0.05324781,-0.89871633
2143,-0.06698587,0.7693296
2144,0.0886925,-0.7513161
2145,0.06629014,-0.94600475
2146,-0.055402275,0.65910465
2147,-0.069704324,0.49858743
2148,-0.14917207,0.15977818
2149,-0.053247824,0.8987164
2150,0.06764365,-0.93859124
2151,0.07677359,-0.874579
2152,0.08694609,-0.7458744
2153,-0.18301791,-0.126046
2154,-0.06698587,0.7693296
2155,0.06698587,-0.7693296
2156,0.06764365,-0.93859124
2157,0.06698587,-0.7693296
2158,0.1748164,0.08174382
2159,0.06764365,-0.93859124
2160,0.06764365,-0.93859124
2161,-0.05141557,0.9159665
2162,-0.06764365,0.93859124
2163,-0.1748164,-0.08174382
2164,-0.08056152,0.8069326
2165,0.0769959,-0.7189178
2166,-0.053247374,0.89871514
2167,-0.18031162,-0.13349856
2168,-0.053247347,0.8987151
2169,-0.090563595,0.71180457
2170,-0.06764365,0.93859124
2171,0.053247772,-0.8987162
2172,-0.14830697,0.20086692
2173,0.08055586,-0.806917
2174,0.05797041,-0.6309566
2175,-0.06698587,0.7693296
2176,-0.028058179,0.8400629
2177,-0.06764365,0.93859124
2178,0.080564715,-0.8069415
2179,-0.09695145,0.662566
2180,0.14830694,-0.20086733
2181,-0.17844762,-0.09401105
2182,-0.06764365,0.93859124
2183,-0.053247828,0.8987164
2184,-0.093304105,0.6859512
2185,-0.08056847,0.8069519
2186,0.06764365,-0.93859124
2187,0.11453393,0.24871962
2188,-0.053807177,0.54306114
2189,0.019859515,-0.6429811
2190,0.06764365,-0.93859124
2191,0.11620082,-0.47030652
2192,0.15556705,-0.110515654
2193,-0.086893,0.7463317
2194,0.03165767,-0.21380606
2195,0.16491929,0.109157756
2196,-0.06698587,0.7693296
2197,-0.06764365,0.93859124
2198,0.095090926,-0.7020632
2199,-0.15556705,0.110515654
2200,0.11620082,-0.47030652
2201,0.066202566,-0.94576216
2202,-0.11620082,0.47030652
2203,-0.06698587,0.7693296
2204,-0.1748164,-0.08174382
2205,0.06699603,-0.9367974
2206,-0.0769959,0.7189178
2207,-0.09326281,0.7192811
2208,-0.06764365,0.93859124
2209,-0.08689299,0.74633163
2210,0.03165767,-0.21380606
2211,-0.1748164,-0.08174382
2212,0.06764365,-0.93859124
2213,-0.08689301,0.7463317
2214,-0.03941194,0.8139671
2215,0.06623239,-0.94584477
2216,0.05324755,-0.8987156
2217,0.11620082,-0.47030652
2218,-0.11620082,0.47030652
2219,-0.06764365,0.93859124
2220,-0.052153327,0.90902466
2221,0.06764365,-0.93859124
2222,-0.121696025,0.4185518
2223,-0.072518736,0.8851188
2224,0.11620082,-0.47030652
2225,-0.15556705,0.110515654
2226,-0.08689302,0.7463317
2227,0.02392546,0.7016554
2228,0.06764365,-0.93859124
2229,0.1748164,0.08174382
2230,0.040982433,-0.9098513
2231,0.08066568,-0.8072212
2232,0.06672779,-0.947217
2233,-0.06764365,0.93859124
2234,-0.095090926,0.7020632
2235,0.08540222,-0.49149847
2236,0.06764365,-0.93859124
2237,-0.1821111,-0.12851422
2238,-0.06764365,0.93859124
2239,0.05324731,-0.89871496
2240,0.06404471,-0.92862254
2241,-0.08689299,0.74633163
2242,0.12440234,-0.42600438
2243,-0.11620082,0.47030652
2244,-0.09695145,0.662566
2245,0.06698587,-0.7693296
2246,0.1748164,0.08174382
2247,0.11620082,-0.47030652
2248,-0.095090926,0.7020632
2249,0.12757643,0.024603277
2250,-0.11620082,0.47030652
2251,0.06764365,-0.93859124
2252,0.095090866,-0.7020631
2253,-0.11620082,0.47030652
2254,0.15556705,-0.110515654
2255,0.053247333,-0.898715
2256,0.11620082,-0.47030652
2257,-0.06764365,0.93859124
2258,0.11620082,-0.47030652
2259,-0.15556705,0.110515654
2260,0.18031162,0.13349856
2261,-0.15556705,0.110515654
2262,0.06764365,-0.93859124
2263,-0.06698587,0.7693296
2264,-0.06697459,0.936738
2265,0.1721172,0.08922036
2266,0.11620082,-0.47030652
2267,0.08689301,-0.7463317
2268,0.06764365,-0.93859124
2269,0.08055883,-0.8069252
2270,0.08689301,-0.7463317
2271,-0.1190041,0.47684574
2272,-0.06953991,0.8768678
2273,0.086892985,-0.74633163
2274,-0.07253635,0.8851676
2275,-0.11620082,0.47030652
2276,-0.15556705,0.110515654
2277,0.06698587,-0.7693296
2278,-0.08689299,0.74633163
2279,0.08054958,-0.8068996
2280,-0.053247344,0.898715
2281,0.121696025,-0.4185518
2282,0.11620082,-0.47030652
2283,-0.08689301,0.7463317
2284,0.06764365,-0.93859124
2285,0.06674391,-0.93609905
2286,-0.0805571,0.8069204
2287,-0.06626314,0.94592994
2288,0.06764365,-0.93859124
2289,0.053247824,-0.8987164
2290,-0.08064166,0.80715466
2291,-0.080581546,0.8069881
2292,0.0769959,-0.7189178
2293,0.06764365,-0.93859124
2294,-0.06698587,0.7693296
2295,-0.06615559,0.94563204
2296,-0.043705583,0.62670726
2297,-0.06764365,0.93859124
2298,0.06764365,-0.93859124
2299,0.08060342,-0.80704874
2300,0.08062132,-0.80709827
2301,0.08689301,-0.7463317
2302,-0.1821111,-0.12851422
2303,-0.053247306,0.89871496
2304,-0.08055183,0.8069058
2305,0.11620082,-0.47030652
2306,0.1821111,0.12851422
2307,0.18031162,0.13349856
2308,0.03232609,-0.8724786
2309,0.1821111,0.12851422
2310,-0.06698587,0.7693296
2311,-0.06764365,0.93859124
2312,0.06764365,-0.93859124
2313,-0.0914759,0.703169
2314,-0.18301435,-0.12601231
2315,0.024499383,-0.8190864
2316,-0.1748164,-0.08174382
2317,-0.06764365,0.93859124
2318,0.11620082,-0.47030652
2319,0.18301435,0.12601231
2320,0.05143223,-0.90485
2321,0.15556705,-0.110515654
2322,-0.06698587,0.7693296
2323,-0.1821111,-0.12851422
2324,0.05324731,-0.89871496
2325,0.15556705,-0.110515654
2326,-0.06764365,0.93859124
2327,-0.1821111,-0.12851422
2328,0.07714155,-0.7193212
2329,0.08066869,-0.8072295
2330,0.11620082,-0.47030652
2331,-0.11620082,0.47030652
2332,0.080611266,-0.80707043
2333,-0.08689299,0.74633163
2334,0.05324732,-0.89871496
2335,-0.053247385,0.89871514
2336,-0.10974843,0.56401694
2337,0.066620745,-0.9469205
2338,0.053764004,-0.5429416
2339,-0.11453393,-0.24871962
2340,-0.06698587,0.7693296
2341,-0.11620082,0.47030652
2342,0.06764365,-0.93859124
2343,-0.068543375,0.9410833
2344,-0.08057825,0.806979
2345,-0.08061414,0.8070784
2346,-0.09695145,0.662566
2347,0.06764365,-0.93859124
2348,0.12439877,-0.4260381
2349,-0.17939928,-0.12486304
2350,0.11620082,-0.47030652
2351,0.06698587,-0.7693296
2352,0.0769959,-0.7189178
2353,0.095090926,-0.7020632
2354,0.06620279,-0.9457628
2355,0.18031162,0.13349856
2356,0.0725131,-0.88510317
2357,-0.06698587,0.7693296
2358,-0.15556705,0.110515654
2359,-0.06764365,0.93859124
2360,-0.0769959,0.7189178
2361,0.06764365,-0.93859124
2362,-0.08055616,0.8069178
2363,-0.06698587,0.7693296
2364,0.05324783,-0.8987164
2365,-0.088692494,0.7513161
2366,-0.1748164,-0.08174382
2367,0.08689301,-0.7463317
2368,-0.06953991,0.8768678
2369,0.1821111,0.12851422
2370,0.15556705,-0.110515654
2371,0.11620082,-0.47030652
2372,0.053764004,-0.5429416
2373,0.05324783,-0.8987164
2374,0.0886925,-0.7513161
2375,0.06764365,-0.93859124
2376,0.066230446,-0.9458394
2377,0.08057862,-0.80698
2378,-0.06764365,0.93859124
2379,-0.1821111,-0.12851422
2380,-0.08061366,0.80707705
2381,-0.17939928,-0.12486304
2382,-0.07255681,0.8852242
2383,-0.06764365,0.93859124
2384,0.06764365,-0.93859124
2385,0.1821111,0.12851422
2386,0.06698587,-0.7693296
2387,-0.1748164,-0.08174382
2388,-0.06640086,0.9463114
2389,0.065828055,-0.9447248
2390,-0.080652215,0.80718386
2391,-0.11620082,0.47030652
2392,-0.15556705,0.110515654
2393,0.08057903,-0.80698115
2394,0.11620082,-0.47030652
2395,0.06764365,-0.93859124
2396,0.0677062,-0.9599766
2397,-0.086983636,0.74552083
2398,-0.15556705,0.110515654
2399,0.06698927,-0.93677866
2400,0.05324758,-0.8987157
2401,-0.08057988,0.80698353
2402,0.075088456,-0.7111826
2403,0.05324783,-0.8987164
2404,0.06764365,-0.93859124
2405,-0.08020781,0.80929404
2406,-0.11620082,0.47030652
2407,-0.06698587,0.7693296
2408,-0.08099811,0.4509374
2409,0.06764365,-0.93859124
2410,0.121696025,-0.4185518
2411,-0.053247347,0.8987151
2412,-0.09695145,0.662566
2413,-0.05324737,0.89871514
2414,-0.15556705,0.110515654
2415,-0.034173973,0.5053798
2416,0.0669554,-0.93668485
2417,0.080562726,-0.806936
2418,-0.15556705,0.110515654
2419,-0.06698587,0.7693296
2420,0.11620082,-0.47030652
2421,-0.06764365,0.93859124
2422,0.06764365,-0.93859124
2423,-0.06764365,0.93859124
2424,0.06764365,-0.93859124
2425,-0.08099811,0.4509374
2426,-0.05713764,0.8262299
2427,0.066166095,-0.9456611
2428,-0.05324783,0.8987164
2429,-0.069973454,0.530252
2430,0.024456207,-0.8189668
2431,0.053247396,-0.8987152
2432,0.06764365,-0.93859124
2433,-0.06764365,0.93859124
2434,0.16063085,0.14848393
2435,-0.06764365,0.93859124
2436,-0.047198825,0.74061376
2437,0.06628772,-0.945998
2438,-0.06764365,0.93859124
2439,-0.09695145,0.662566
2440,0.05540218,-0.65910554
2441,-0.1748164,-0.08174382
2442,-0.06499551,0.9526082
2443,0.15556705,-0.110515654
2444,0.080617666,-0.8070882
2445,-0.06764365,0.93859124
2446,0.08419381,-0.7388552
2447,-0.13983048,-0.24567042
2448,-0.08062641,0.8071124
2449,-0.05540218,0.65910554
2450,0.084193446,-0.73885417
2451,-0.11620082,0.47030652
2452,-0.06764365,0.93859124
2453,-0.11620082,0.47030652
2454,0.06764365,-0.93859124
2455,0.15556705,-0.110515654
2456,-0.1821111,-0.12851422
2457,0.06698587,-0.7693296
2458,-0.080549896,0.80690044
2459,-0.11620082,0.47030652
2460,0.06770538,-0.9599844
2461,-0.11620082,0.47030652
2462,-0.053764004,0.5429416
2463,0.15556705,-0.110515654
2464,-0.06764365,0.93859124
2465,-0.06764365,0.93859124
2466,-0.18301436,-0.12601231
2467,-0.06764365,0.93859124
2468,-0.0806652,0.80721986
2469,-0.095090926,0.7020632
2470,0.06698587,-0.7693296
2471,0.0805698,-0.80695564
2472,-0.1748164,-0.08174382
2473,-0.121696025,0.4185518
2474,0.1821111,0.12851422
2475,-0.03165767,0.21380606
2476,-0.06636208,0.946204
2477,-0.06764365,0.93859124
2478,-0.06764365,0.93859124
2479,-0.05143223,0.90485
2480,0.15556705,-0.110515654
2481,-0.06764365,0.93859124
2482,-0.066990755,0.9367828
2483,0.053247835,-0.8987164
2484,0.06698587,-0.7693296
2485,-0.080695055,0.6621883
2486,-0.1748164,-0.08174382
2487,0.06953991,-0.8768678
2488,-0.06764365,0.93859124
2489,-0.11620082,0.47030652
2490,0.053247835,-0.8987164
2491,-0.1821111,-0.12851422
2492,-0.08057346,0.80696577
2493,0.06698587,-0.7693296
2494,-0.11620082,0.47030652
2495,0.11620082,-0.47030652
2496,-0.06764365,0.93859124
2497,0.086984515,-0.7455126
2498,0.06698587,-0.7693296
2499,-0.06764365,0.93859124
2500,-0.12078369,0.42718732
2501,-0.15556705,0.110515654
2502,0.080608085,-0.8070616
2503,-0.06698587,0.7693296
2504,0.11620082,-0.47030652
2505,-0.06698587,0.7693296
2506,-0.06764365,0.93859124
2507,0.080654256,-0.8071895
2508,-0.06764365,0.93859124
2509,0.06625345,-0.9459031
2510,-0.15556705,0.110515654
2511,-0.11620082,0.47030652
2512,-0.06764365,0.93859124
2513,0.11620082,-0.47030652
2514,-0.16064739,-0.15960124
2515,0.0769959,-0.7189178
2516,0.069732726,-0.49831802
2517,-0.053247362,0.8987151
2518,0.1821111,0.12851422
2519,0.06698587,-0.7693296
2520,-0.05324731,0.89871496
2521,0.053247835,-0.8987164
2522,0.14917207,-0.15977818
2523,0.05324731,-0.89871496
2524,0.06764365,-0.93859124
2525,0.18301791,0.126046
2526,0.06764365,-0.93859124
2527,-0.06698587,0.7693296
2528,-0.053764004,0.5429416
2529,-0.06764365,0.93859124
2530,-0.06698587,0.7693296
2531,0.06698587,-0.7693296
2532,0.080548905,-0.8068977
2533,-0.08057033,0.80695707
2534,0.06698587,-0.7693296
2535,-0.08056185,0.8069336
2536,0.1748164,0.08174382
2537,-0.08058219,0.8069899
2538,-0.15556705,0.110515654
2539,0.07251532,-0.8851093
2540,-0.06733742,0.937743
2541,-0.05324733,0.898715
2542,-0.14917207,0.15977818
2543,-0.06953991,0.8768678
2544,-0.095090866,0.7020631
2545,-0.05324732,0.89871496
2546,-0.06632093,0.94609004
2547,-0.0651109,0.95390105
2548,0.06764365,-0.93859124
2549,-0.053247835,0.8987164
2550,-0.0665048,0.9465993
2551,-0.06698587,0.7693296
2552,-0.080635354,0.8071372
2553,0.066154785,-0.94562984
2554,0.08056531,-0.8069432
2555,-0.06764365,0.93859124
2556,-0.11620082,0.47030652
2557,0.1748164,0.08174382
2558,-0.11620082,0.47030652
2559,-0.08059935,0.8070375
2560,0.053247835,-0.8987164
2561,-0.05324734,0.898715
2562,0.13621183,0.24448748
2563,0.09695145,-0.662566
2564,-0.06764365,0.93859124
2565,-0.06764365,0.93859124
2566,0.049167328,-0.36695573
2567,-0.08062433,0.8071066
2568,0.06698587,-0.7693296
2569,-0.06667722,0.9470769
2570,-0.06764365,0.93859124
2571,0.05324783,-0.8987164
2572,-0.0769959,0.7189178
2573,-0.080579825,0.80698335
2574,0.0886925,-0.7513161
2575,-0.08689302,0.7463317
2576,0.06621634,-0.94580036
2577,-0.0905152,0.74515843
2578,-0.06764365,0.93859124
2579,-0.06639453,0.9462939
2580,0.053247355,-0.8987151
2581,-0.06694607,0.936659
2582,0.0806214,-0.8070985
2583,-0.1821111,-0.12851422
2584,-0.06698587,0.7693296
2585,-0.15556705,0.110515654
2586,0.12261191,-0.409926
2587,-0.09695145,0.662566
2588,0.05141557,-0.9159665
2589,0.06764365,-0.93859124
2590,0.06637416,-0.94623744
2591,0.05324754,-0.8987156
2592,0.05324734,-0.898715
2593,0.08060907,-0.80706435
2594,0.0769959,-0.7189178
2595,0.11620082,-0.47030652
2596,-0.11620082,0.47030652
2597,-0.053247835,0.8987164
2598,0.08689301,-0.7463317
2599,0.11620082,-0.47030652
2600,0.08020781,-0.80929404
2601,-0.11620082,0.47030652
2602,-0.08062929,0.8071204
2603,0.0532478,-0.89871633
2604,-0.08689301,0.7463317
2605,-0.1748164,-0.08174382
2606,0.08057089,-0.8069586
2607,-0.06764365,0.93859124
2608,0.11620082,-0.47030652
2609,-0.06764365,0.93859124
2610,0.06404471,-0.92862254
2611,-0.06764365,0.93859124
2612,-0.09695145,0.662566
2613,0.1748164,0.08174382
2614,-0.11620082,0.47030652
2615,-0.06764365,0.93859124
2616,0.11620082,-0.47030652
2617,0.06953991,-0.8768678
2618,0.15556705,-0.110515654
2619,0.14642447,-0.18565556
2620,0.09695145,-0.662566
2621,-0.17753175,-0.08538525
2622,-0.06171701,0.78310126
2623,-0.08064226,0.8071563
2624,0.06698587,-0.7693296
2625,-0.053247314,0.89871496
2626,0.08056606,-0.80694526
2627,0.088692464,-0.751316
2628,-0.08689301,0.7463317
2629,-0.05324734,0.898715
2630,0.15556705,-0.110515654
2631,-0.05324783,0.8987164
2632,0.15556705,-0.110515654
2633,0.024499387,-0.8190864
2634,-0.17939928,-0.12486304
2635,-0.15556705,0.110515654
2636,0.06764365,-0.93859124
2637,-0.06698587,0.7693296
2638,0.14917207,-0.15977818
2639,0.0886925,-0.7513161
2640,0.121696025,-0.4185518
2641,0.06764365,-0.93859124
2642,0.1748164,0.08174382
2643,0.057135973,-0.6166009
2644,-0.053764004,0.5429416
2645,0.11620082,-0.47030652
2646,0.15556705,-0.110515654
2647,-0.0041816086,0.4725797
2648,0.06666837,-0.9470524
2649,0.06698587,-0.7693296
2650,-0.086892985,0.74633163
2651,0.05324735,-0.8987151
2652,-0.053247344,0.898715
2653,0.100657314,-0.3714395
2654,0.1821111,0.12851422
2655,-0.15556705,0.110515654
2656,0.08689302,-0.7463317
2657,0.0662848,-0.94598997
2658,-0.0805988,0.8070359
2659,-0.05324783,0.8987164
2660,0.06698587,-0.7693296
2661,-0.06674391,0.93609905
2662,0.08689301,-0.7463317
2663,0.08689299,-0.7463317
2664,-0.15556705,0.110515654
2665,0.0886925,-0.7513161
2666,-0.023556467,0.8164746
2667,-0.06764365,0.93859124
2668,0.0805907,-0.8070135
2669,0.06764365,-0.93859124
2670,-0.06764365,0.93859124
2671,-0.05324783,0.8987164
2672,0.05324746,-0.8987154
2673,-0.06764365,0.93859124
2674,0.053247355,-0.8987151
2675,-0.08063627,0.8071397
2676,0.095090866,-0.7020631
2677,-0.1243972,0.42603377
2678,0.05540218,-0.65910554
2679,-0.08689302,0.7463317
2680,-0.15556705,0.110515654
2681,-0.066448845,0.94644433
2682,-0.18031162,-0.13349856
2683,-0.053247314,0.89871496
2684,-0.06499074,0.95265317
2685,-0.18301436,-0.12601231
2686,-0.1748164,-0.08174382
2687,0.06764365,-0.93859124
2688,-0.06764365,0.93859124
2689,-0.093304105,0.6859512
2690,-0.053247306,0.89871496
2691,0.06674391,-0.93609905
2692,-0.06764365,0.93859124
2693,-0.11620082,0.47030652
2694,-0.053247355,0.8987151
2695,0.0769959,-0.7189178
2696,0.06698587,-0.7693296
2697,-0.05324783,0.8987164
2698,0.066987075,-0.9367726
2699,-0.1748164,-0.08174382
2700,-0.06698587,0.7693296
2701,0.1721172,0.08922036
2702,-0.08060983,0.80706644
2703,-0.053247765,0.8987162
2704,0.04650243,-0.92639875
2705,-0.18031162,-0.13349856
2706,0.06616238,-0.9456509
2707,-0.08063383,0.80713296
2708,-0.08058983,0.80701107
2709,-0.11620082,0.47030652
2710,0.09695145,-0.662566
2711,-0.17753175,-0.08538525
2712,0.062449403,-0.9409042
2713,-0.095090866,0.7020631
2714,0.066487275,-0.9465508
2715,0.1821111,0.12851422
2716,-0.06764365,0.93859124
2717,0.090563595,-0.71180457
2718,0.06764365,-0.93859124
2719,-0.06764365,0.93859124
2720,-0.08057889,0.8069808
2721,-0.17939928,-0.12486304
2722,0.06764365,-0.93859124
2723,0.1821111,0.12851422
2724,0.06764365,-0.93859124
2725,-0.08689302,0.7463317
2726,-0.05324733,0.898715
2727,0.08060086,-0.80704165
2728,0.18031162,0.13349856
2729,0.06637555,-0.9462413
2730,0.06764365,-0.93859124
2731,-0.06696432,0.9367096
2732,0.06698115,-0.9367562
2733,0.08689301,-0.7463317
2734,0.15556705,-0.110515654
2735,-0.080570534,0.80695766
2736,0.06764365,-0.93859124
2737,0.066946656,-0.93666065
2738,-0.15556705,0.110515654
2739,-0.06764365,0.93859124
2740,-0.11620082,0.47030652
2741,-0.053247835,0.8987164
2742,0.08689301,-0.7463317
2743,-0.06764365,0.93859124
2744,-0.16491929,-0.109157756
2745,-0.06764365,0.93859124
2746,0.0932628,-0.7192811
2747,0.06698587,-0.7693296
2748,0.066161156,-0.9456475
2749,0.095090926,-0.7020632
2750,0.080592215,-0.8070177
2751,-0.06764365,0.93859124
2752,-0.15556705,0.110515654
2753,-0.11620082,0.47030652
2754,-0.0769959,0.7189178
2755,0.1821111,0.12851422
2756,0.15556705,-0.110515654
2757,-0.08055936,0.80692667
2758,0.05324781,-0.89871633
2759,-0.090563595,0.71180457
2760,-0.06639211,0.94628716
2761,0.06698587,-0.7693296
2762,0.08689302,-0.7463317
2763,-0.08061968,0.80709374
2764,-0.086892985,0.74633163
2765,-0.06764365,0.93859124
2766,-0.15556705,0.110515654
2767,-0.11620082,0.47030652
2768,-0.0806652,0.80721986
2769,-0.1821111,-0.12851422
2770,-0.080585584,0.8069993
2771,-0.06764365,0.93859124
2772,0.11620082,-0.47030652
2773,0.040982455,-0.9098514
2774,0.1748164,0.08174382
2775,0.1721172,0.08922036
2776,-0.06764365,0.93859124
2777,-0.086892985,0.74633163
2778,0.06637206,-0.94623166
2779,0.08057821,-0.8069789
2780,0.11620082,-0.47030652
2781,0.08061342,-0.8070764
2782,-0.08063619,0.8071395
2783,0.11620082,-0.47030652
2784,-0.15556705,0.110515654
2785,-0.06622875,0.9458347
2786,-0.06733439,0.9377346
2787,0.06764365,-0.93859124
2788,-0.06764365,0.93859124
2789,-0.06632357,0.9460973
2790,0.06669407,-0.9471236
2791,-0.06640088,0.9463115
2792,0.09695145,-0.662566
2793,0.09326281,-0.71928114
2794,-0.06764365,0.93859124
2795,0.06764365,-0.93859124
2796,0.053247653,-0.8987159
2797,0.07255153,-0.8852096
2798,0.067356944,-0.93779707
2799,-0.080676824,0.80725205
2800,0.06638092,-0.94625616
2801,0.047063436,-0.9211141
2802,-0.06698689,0.93677205
2803,0.15556705,-0.110515654
2804,-0.086892985,0.74633163
2805,-0.08419381,0.7388552
2806,0.06625362,-0.9459036
2807,0.11620082,-0.47030652
2808,-0.08055462,0.80691355
2809,0.121696025,-0.4185518
2810,0.15602583,0.10511501
2811,-0.11620082,0.47030652
2812,-0.09695145,0.662566
2813,0.06764365,-0.93859124
2814,0.06764365,-0.93859124
2815,0.05540218,-0.65910554
2816,0.06617837,-0.94569516
2817,0.06764365,-0.93859124
2818,0.15556705,-0.110515654
2819,0.09629366,-0.49330437
2820,0.08057845,-0.80697954
2821,-0.15556705,0.110515654
2822,0.08060525,-0.8070538
2823,0.053247377,-0.89871514
2824,0.15556705,-0.110515654
2825,-0.0769959,0.7189178
2826,-0.06695738,0.93669033
2827,0.16491929,0.109157756
2828,0.08969149,-0.7529162
2829,-0.09509093,0.7020632
2830,-0.059597936,0.6707273
2831,0.11620082,-0.47030652
2832,0.05540218,-0.65910554
2833,0.11453393,0.24871962
2834,-0.05324767,0.898716
2835,-0.08056249,0.80693537
2836,0.1748164,0.08174382
2837,0.08056795,-0.80695045
2838,0.08057036,-0.8069571
2839,-0.06694975,0.9366692
2840,0.06674391,-0.93609905
2841,-0.06764365,0.93859124
2842,0.06698587,-0.7693296
2843,0.06764365,-0.93859124
2844,-0.053247645,0.89871585
2845,0.06764365,-0.93859124
2846,-0.033657014,0.8611535
2847,0.15556705,-0.110515654
2848,0.17939928,0.12486304
2849,-0.0806652,0.80721986
2850,-0.08689302,0.7463317
2851,0.080547504,-0.8068938
2852,-0.14913079,0.19310811
2853,-0.05324783,0.8987164
2854,-0.1821111,-0.12851422
2855,0.10944997,-0.53392994
2856,0.08059068,-0.80701345
2857,0.08055534,-0.8069155
2858,-0.053247374,0.89871514
2859,0.08689301,-0.7463317
2860,-0.18031162,-0.13349856
2861,-0.15556705,0.110515654
2862,0.06764365,-0.93859124
2863,0.040982414,-0.9098513
2864,-0.086892985,0.74633163
2865,0.17753175,0.08538525
2866,0.080580704,-0.8069858
2867,-0.06764365,0.93859124
2868,-0.08056815,0.80695105
2869,-0.06735792,0.93779975
2870,-0.06733262,0.9377297
2871,-0.11620082,0.47030652
2872,0.0662885,-0.9460002
2873,-0.053247385,0.89871514
2874,-0.06764365,0.93859124
2875,-0.0806023,0.80704564
2876,-0.06698587,0.7693296
2877,-0.05324783,0.8987164
2878,0.11620082,-0.47030652
2879,0.053247314,-0.89871496
2880,-0.050634235,0.7110984
2881,0.06674391,-0.93609905
2882,0.06622043,-0.9458116
2883,-0.15556705,0.110515654
2884,0.0061687343,-0.7761257
2885,-0.06764365,0.93859124
2886,0.053247835,-0.8987164
2887,-0.06764365,0.93859124
2888,0.08054992,-0.8069005
2889,-0.06698587,0.7693296
2890,-0.08058384,0.8069945
2891,0.06698587,-0.7693296
2892,0.0806635,-0.80721515
2893,-0.06764365,0.93859124
2894,0.06764365,-0.93859124
2895,0.08055951,-0.8069271
2896,-0.06764365,0.93859124
2897,0.0805628,-0.8069362
2898,0.053247344,-0.898715
2899,-0.079570316,0.8152981
2900,-0.11620082,0.47030652
2901,0.06764365,-0.93859124
2902,-0.15556705,0.110515654
2903,0.06953991,-0.8768678
2904,-0.11620082,0.47030652
2905,0.08056449,-0.8069409
2906,0.053247478,-0.89871544
2907,-0.088692464,0.751316
2908,0.043705545,-0.6267072
2909,0.15556705,-0.110515654
2910,0.11620082,-0.47030652
2911,-0.15556705,0.110515654
2912,0.067331366,-0.93772626
2913,0.1821111,0.12851422
2914,0.080582395,-0.8069905
2915,-0.1821111,-0.12851422
2916,0.06764365,-0.93859124
2917,0.08056406,-0.8069397
2918,0.06698587,-0.7693296
2919,0.11453393,0.24871962
2920,-0.06637805,0.94624823
2921,-0.080548465,0.8068965
2922,-0.06764365,0.93859124
2923,0.06764365,-0.93859124
2924,-0.06764365,0.93859124
2925,-0.053247835,0.8987164
2926,0.06669167,-0.9471169
2927,-0.15556705,0.110515654
2928,-0.11620082,0.47030652
2929,-0.05324778,0.8987163
2930,0.18301435,0.12601231
2931,-0.09326281,0.7192811
2932,-0.0323261,0.8724786
2933,0.053247318,-0.89871496
2934,0.0769959,-0.7189178
2935,0.1721172,0.08922036
2936,0.06764365,-0.93859124
2937,-0.11620082,0.47030652
2938,0.11620082,-0.47030652
2939,0.1748164,0.08174382
2940,-0.11620082,0.47030652
2941,-0.06583158,0.94469106
2942,0.06698587,-0.7693296
2943,0.11620082,-0.47030652
2944,0.06698587,-0.7693296
2945,-0.06764365,0.93859124
2946,0.08689302,-0.7463317
2947,0.05540218,-0.65910554
2948,-0.06764365,0.93859124
2949,-0.06764365,0.93859124
2950,0.0806002,-0.8070398
2951,-0.06764365,0.93859124
2952,-0.066950426,0.9366711
2953,-0.066172495,0.9456789
2954,0.05324778,-0.8987163
2955,-0.18031162,-0.13349856
2956,-0.11620082,0.47030652
2957,0.10978974,-0.53068703
2958,-0.08066226,0.8072117
2959,-0.05324733,0.898715
2960,0.053764004,-0.5429416
2961,0.053247835,-0.8987164
2962,0.06764365,-0.93859124
2963,-0.05324732,0.89871496
2964,0.062449403,-0.94090426
2965,0.050075363,-0.5996567
2966,-0.06674391,0.93609905
2967,0.086893,-0.7463317
2968,-0.06244941,0.94090426
2969,0.06764365,-0.93859124
2970,-0.090563595,0.71180457
2971,0.08689302,-0.7463317
2972,-0.09326281,0.71928114
2973,-0.1748164,-0.08174382
2974,-0.06698587,0.7693296
2975,0.11620082,-0.47030652
2976,0.06764365,-0.93859124
2977,0.053247817,-0.89871633
2978,-0.08054771,0.8068944
2979,0.11620082,-0.47030652
2980,0.06698587,-0.7693296
2981,-0.06764365,0.93859124
2982,-0.06699902,0.93680567
2983,-0.06764365,0.93859124
2984,-0.11620082,0.47030652
2985,-0.11620082,0.47030652
2986,-0.05324733,0.898715
2987,-0.06764365,0.93859124
2988,-0.0769959,0.7189178
2989,0.0769959,-0.7189178
2990,-0.18031162,-0.13349856
2991,0.08056002,-0.8069285
2992,0.061717242,-0.7831013
2993,-0.06698587,0.7693296
2994,0.09326281,-0.7192811
2995,0.053247333,-0.898715
2996,0.08055237,-0.8069073
2997,0.066240035,-0.9458659
2998,-0.053247325,0.898715
2999,-0.11620082,0.47030652
3000,0.08065938,-0.8072037
3001,0.080553696,-0.806911
3002,0.12078369,-0.42718732
3003,-0.08055001,0.8069008
3004,-0.1821111,-0.12851422
3005,-0.088692494,0.7513161
3006,-0.16063085,-0.14848393
3007,0.06764365,-0.93859124
3008,-0.05324733,0.898715
3009,-0.061771963,0.6320549
3010,-0.08056407,0.8069397
3011,-0.08689302,0.7463317
3012,0.06500007,-0.9525654
3013,0.06698587,-0.7693296
3014,-0.06764365,0.93859124
3015,0.066984676,-0.9367659
3016,0.10129779,-0.4103253
3017,-0.05286427,0.5404494
3018,0.050699025,-0.29144877
3019,-0.09326281,0.71928114
3020,0.08054842,-0.8068964
3021,-0.06582805,0.9447248
3022,0.08689301,-0.7463317
3023,-0.06764365,0.93859124
3024,-0.06698587,0.7693296
3025,0.15556705,-0.110515654
3026,0.06698587,-0.7693296
3027,-0.05324732,0.89871496
3028,0.05324765,-0.8987159
3029,-0.06698587,0.7693296
3030,0.08059909,-0.8070367
3031,-0.06620107,0.94575804
3032,0.06764365,-0.93859124
3033,-0.061717413,0.7831016
3034,-0.086892985,0.74633163
3035,-0.06698587,0.7693296
3036,-0.11620082,0.47030652
3037,-0.06634994,0.9461704
3038,-0.05540218,0.65910554
3039,0.15556705,-0.110515654
3040,0.1748164,0.08174382
3041,0.053247835,-0.8987164
3042,-0.06404471,0.92862254
3043,-0.13621183,-0.24448748
3044,0.066270486,-0.9459503
3045,-0.05324732,0.89871496
3046,-0.06764365,0.93859124
3047,-0.06764365,0.93859124
3048,0.05722182,-0.8794526
3049,-0.05143223,0.90485
3050,0.053247347,-0.8987151
3051,0.06698587,-0.7693296
3052,-0.11620082,0.47030652
3053,-0.06764365,0.93859124
3054,-0.053247314,0.89871496
3055,-0.15556705,0.110515654
3056,0.05324734,-0.898715
3057,0.08056378,-0.80693895
3058,-0.06630805,0.94605434
3059,0.1748164,0.08174382
3060,0.080586225,-0.80700105
3061,-0.068128,0.72272027
3062,-0.08689301,0.7463317
3063,0.11891617,-0.4666651
3064,-0.06764365,0.93859124
3065,0.06764365,-0.93859124
3066,-0.102031805,0.3924491
3067,0.06698587,-0.7693296
3068,-0.05797041,0.6309566
3069,-0.06764365,0.93859124
3070,-0.08689301,0.7463317
3071,0.14913075,-0.19310834
3072,-0.053247698,0.89871603
3073,0.12440234,-0.42600438
3074,0.08689301,-0.7463317
3075,-0.053247318,0.89871496
3076,-0.01665197,0.7771424
3077,-0.09509096,0.70206326
3078,-0.08064097,0.80715275
3079,-0.1821111,-0.12851422
3080,0.08689301,-0.7463317
3081,-0.05324746,0.8987154
3082,-0.06764365,0.93859124
3083,-0.053247835,0.8987164
3084,0.06698587,-0.7693296
3085,-0.11620082,0.47030652
3086,-0.11620082,0.47030652
3087,-0.18301435,-0.12601231
3088,-0.053247824,0.8987164
3089,0.1748164,0.08174382
3090,0.08061621,-0.80708414
3091,-0.1821111,-0.12851422
3092,-0.11891617,0.4666651
3093,0.06671937,-0.9471937
3094,-0.06764365,0.93859124
3095,-0.14830698,0.20086683
3096,0.039641693,-0.81460345
3097,0.05324746,-0.8987154
3098,-0.08418901,0.7388419
3099,-0.11620082,0.47030652
3100,0.06764365,-0.93859124
3101,0.06698587,-0.7693296
3102,-0.06764365,0.93859124
3103,0.09326281,-0.71928114
3104,-0.08056492,0.8069421
3105,-0.11620082,0.47030652
3106,-0.06764365,0.93859124
3107,0.09326281,-0.7192811
3108,0.12439877,-0.4260381
3109,-0.06764365,0.93859124
3110,-0.09695145,0.662566
3111,-0.08054936,0.80689895
3112,0.072513565,-0.8851045
3113,0.06698587,-0.7693296
3114,-0.1334607,-0.21861984
3115,0.08061064,-0.8070687
3116,0.06764365,-0.93859124
3117,-0.05324783,0.8987164
3118,0.06764365,-0.93859124
3119,-0.057961177,0.64209354
3120,-0.08055486,0.8069142
3121,0.06695565,-0.9366855
3122,-0.06632207,0.9460932
3123,0.08689301,-0.7463317
3124,0.1821111,0.12851422
3125,-0.08780889,0.73770595
3126,-0.12440233,0.42600435
3127,-0.06764365,0.93859124
3128,0.06698587,-0.7693296
3129,-0.08067929,0.80725884
3130,-0.06764365,0.93859124
3131,-0.1821111,-0.12851422
3132,-0.06583159,0.94469106
3133,-0.053247835,0.8987164
3134,0.05324783,-0.8987164
3135,0.11620082,-0.47030652
3136,-0.050699025,0.29144877
3137,-0.046167057,0.9295529
3138,0.15556705,-0.110515654
3139,0.15556705,-0.110515654
3140,0.053247347,-0.8987151
3141,-0.06764365,0.93859124
3142,0.06698587,-0.7693296
3143,0.053807154,-0.5430611
3144,0.06698587,-0.7693296
3145,-0.053247835,0.8987164
3146,-0.11620082,0.47030652
3147,0.06764365,-0.93859124
3148,0.15556705,-0.110515654
3149,0.09326281,-0.7192811
3150,-0.06698587,0.7693296
3151,0.053247325,-0.898715
3152,0.074070856,-0.8670927
3153,0.07938316,-0.3236315
3154,-0.06764365,0.93859124
3155,0.04360009,-0.73064566
3156,-0.08689299,0.7463317
3157,0.053247314,-0.89871496
3158,-0.06698587,0.7693296
3159,0.062212966,-0.9458741
3160,0.15556705,-0.110515654
3161,-0.04916735,0.36695555
3162,0.06764365,-0.93859124
3163,0.09326281,-0.7192811
3164,-0.08062706,0.8071142
3165,0.06639145,-0.94628537
3166,0.06764365,-0.93859124
3167,-0.080565415,0.8069434
3168,0.16491929,0.109157756
3169,-0.08689302,0.7463317
3170,0.06764365,-0.93859124
3171,-0.05540218,0.65910554
3172,-0.053247828,0.8987164
3173,-0.06764365,0.93859124
3174,-0.08689302,0.7463317
3175,-0.06674391,0.93609905
3176,0.06764365,-0.93859124
3177,-0.121696025,0.4185518
3178,-0.053247325,0.898715
3179,0.06764365,-0.93859124
3180,-0.08057071,0.80695814
3181,0.0769959,-0.7189178
3182,-0.06764365,0.93859124
3183,-0.1821111,-0.12851422
3184,0.07251626,-0.8851119
3185,-0.053247314,0.89871496
3186,-0.06764365,0.93859124
3187,-0.053247314,0.89871496
3188,0.05324783,-0.8987164
3189,0.0769959,-0.7189178
3190,-0.08055504,0.8069147
3191,0.06764365,-0.93859124
3192,-0.15556705,0.110515654
3193,-0.09326281,0.7192811
3194,0.06631601,-0.9460764
3195,0.06764365,-0.93859124
3196,0.05324783,-0.8987164
3197,-0.06764365,0.93859124
3198,-0.08689299,0.74633163
3199,-0.080561206,0.8069318
3200,0.06698587,-0.7693296
3201,0.0769959,-0.7189178
3202,-0.055402283,0.6591046
3203,0.053764004,-0.5429416
3204,-0.053247835,0.8987164
3205,-0.07254924,0.8852033
3206,-0.08689299,0.74633163
3207,0.08061849,-0.80709046
3208,-0.05540218,0.65910554
3209,0.06764365,-0.93859124
3210,-0.06698785,0.93677473
3211,-0.05324733,0.898715
3212,0.06700414,-0.93681985
3213,0.05141557,-0.9159665
3214,-0.08419347,0.7388542
3215,-0.08419381,0.7388552
3216,0.06698587,-0.7693296
3217,0.11620082,-0.47030652
3218,-0.12439877,0.4260381
3219,-0.06764365,0.93859124
3220,0.11620082,-0.47030652
3221,-0.053247835,0.8987164
3222,0.11620082,-0.47030652
3223,-0.15556705,0.110515654
3224,0.09326281,-0.7192811
3225,-0.15556705,0.110515654
3226,0.11620082,-0.47030652
3227,-0.053247556,0.8987156
3228,0.053247835,-0.8987164
3229,-0.080625705,0.8071104
3230,-0.06764365,0.93859124
3231,0.08689301,-0.7463317
3232,0.1748164,0.08174382
3233,-0.06698587,0.7693296
3234,-0.06764365,0.93859124
3235,-0.18301435,-0.12601231
3236,-0.06764365,0.93859124
3237,-0.06698587,0.7693296
3238,-0.03165767,0.21380606
3239,0.08273031,-0.81847763
3240,0.072543114,-0.8851863
3241,0.06997338,-0.53025174
3242,-0.040982448,0.9098514
3243,-0.06764365,0.93859124
3244,0.07774143,-0.83256555
3245,0.08059309,-0.8070201
3246,0.053247835,-0.8987164
3247,-0.06764365,0.93859124
3248,-0.06764365,0.93859124
3249,0.080578566,-0.8069799
3250,-0.06764365,0.93859124
3251,0.06764365,-0.93859124
3252,-0.03928134,0.87673116
3253,-0.09695145,0.662566
3254,-0.1748164,-0.08174382
3255,-0.05324734,0.898715
3256,0.06698587,-0.7693296
3257,-0.08689301,0.7463317
3258,0.07252365,-0.88513243
3259,0.1821111,0.12851422
3260,0.09695145,-0.662566
3261,-0.08689301,0.7463317
3262,-0.15556705,0.110515654
3263,-0.15556705,0.110515654
3264,0.11620082,-0.47030652
3265,-0.06764365,0.93859124
3266,0.027972274,-0.80401605
3267,0.06698587,-0.7693296
3268,-0.06762752,0.9497091
3269,0.06764365,-0.93859124
3270,-0.06698587,0.7693296
3271,0.08689302,-0.7463317
3272,-0.053247645,0.89871585
3273,0.06734741,-0.93777066
3274,-0.06698587,0.7693296
3275,-0.0805689,0.8069531
3276,0.08060159,-0.8070436
3277,0.11620082,-0.47030652
3278,0.0806237,-0.8071049
3279,0.06674391,-0.93609905
3280,0.06764365,-0.93859124
3281,-0.15556705,0.110515654
3282,-0.080578744,0.8069804
3283,-0.053247616,0.8987158
3284,0.06698587,-0.7693296
3285,-0.06764365,0.93859124
3286,0.080623195,-0.80710346
3287,-0.11620082,0.47030652
3288,-0.08689299,0.74633163
3289,-0.05324731,0.89871496
3290,-0.052441582,0.66254365
3291,-0.15556705,0.110515654
3292,0.053247314,-0.89871496
3293,-0.11620082,0.47030652
3294,0.09326281,-0.7192811
3295,-0.06764365,0.93859124
3296,-0.095090926,0.7020632
3297,-0.06764365,0.93859124
3298,0.080586195,-0.807001
3299,-0.080587186,0.80700374
3300,-0.06698587,0.7693296
3301,0.053247824,-0.8987164
3302,0.15556705,-0.110515654
3303,-0.0805609,0.80693096
3304,-0.053247306,0.89871496
3305,0.08419381,-0.7388552
3306,-0.15556705,0.110515654
3307,-0.055978604,0.7686147
3308,-0.09695145,0.662566
3309,-0.05324731,0.89871496
3310,0.03165767,-0.21380606
3311,0.12439877,-0.4260381
3312,0.02392546,0.7016554
3313,0.05324781,-0.89871633
3314,-0.053247835,0.8987164
3315,-0.055402275,0.65910465
3316,-0.06764365,0.93859124
3317,0.08058502,-0.8069977
3318,0.1748164,0.08174382
3319,-0.03348939,0.19655445
3320,-0.05609421,0.7675258
3321,-0.06698587,0.7693296
3322,0.06631152,-0.946064
3323,-0.06696071,0.93669957
3324,-0.05324745,0.8987153
3325,-0.057960927,0.6420929
3326,0.08780889,-0.73770595
3327,0.0769959,-0.7189178
3328,0.072548844,-0.88520217
3329,-0.06698587,0.7693296
3330,-0.11620082,0.47030652
3331,-0.1748164,-0.08174382
3332,-0.0192836,0.6483622
3333,0.121696025,-0.4185518
3334,0.09239175,-0.6945867
3335,-0.15556705,0.110515654
3336,0.080616914,-0.8070861
3337,0.15556705,-0.110515654
3338,0.06698587,-0.7693296
3339,0.06698587,-0.7693296
3340,0.121696025,-0.4185518
3341,-0.08689302,0.7463317
3342,-0.09326281,0.71928114
3343,0.14917207,-0.15977818
3344,-0.11620082,0.47030652
3345,0.11453393,0.24871962
3346,-0.049167305,0.36695594
3347,0.06698587,-0.7693296
3348,0.05540218,-0.65910554
3349,0.095090926,-0.7020632
3350,-0.06698587,0.7693296
3351,0.1748164,0.08174382
3352,-0.15556705,0.110515654
3353,-0.15556705,0.110515654
3354,0.08055004,-0.80690086
3355,0.080662906,-0.8072135
3356,0.1821111,0.12851422
3357,-0.15556705,0.110515654
3358,0.06764365,-0.93859124
3359,-0.06764365,0.93859124
3360,-0.086893,0.7463317
3361,0.08689301,-0.7463317
3362,0.08062321,-0.8071035
3363,0.12078017,-0.4271776
3364,0.12439877,-0.4260381
3365,-0.121696025,0.4185518
3366,0.0769959,-0.7189178
3367,-0.06764365,0.93859124
3368,-0.15556705,0.110515654
3369,0.15556705,-0.110515654
3370,-0.09326281,0.71928114
3371,-0.065828055,0.9447248
3372,-0.06698587,0.7693296
3373,0.04916729,-0.3669561
3374,0.08057517,-0.8069705
3375,0.06764365,-0.93859124
3376,0.06764365,-0.93859124
3377,0.1821111,0.12851422
3378,0.06764365,-0.93859124
3379,-0.1748164,-0.08174382
3380,0.06764365,-0.93859124
3381,-0.08057774,0.80697757
3382,-0.15556705,0.110515654
3383,0.06764365,-0.93859124
3384,0.03414371,-0.86635053
3385,-0.15556705,0.110515654
3386,-0.15556705,0.110515654
3387,-0.06764365,0.93859124
3388,-0.11453393,-0.24871962
3389,-0.05540218,0.65910554
3390,0.15556705,-0.110515654
3391,0.12439866,-0.4260379
3392,0.08689302,-0.7463317
3393,0.06764365,-0.93859124
3394,0.08689301,-0.7463317
3395,0.15556705,-0.110515654
3396,-0.066956095,0.93668675
3397,-0.053247727,0.8987161
3398,-0.06699801,0.93680286
3399,0.08419381,-0.7388552
3400,-0.06341616,0.93804413
3401,-0.06764365,0.93859124
3402,-0.06764365,0.93859124
3403,-0.095090926,0.7020632
3404,0.0805666,-0.80694675
3405,-0.0914759,0.703169
3406,0.08058426,-0.80699563
3407,-0.09326281,0.71928114
3408,-0.06764365,0.93859124
3409,0.023556467,-0.8164746
3410,-0.053247835,0.8987164
3411,0.15556705,-0.110515654
3412,0.023925453,0.7016554
3413,0.15556705,-0.110515654
3414,0.053247478,-0.89871544
3415,-0.11350159,0.46283007
3416,-0.06674391,0.93609905
3417,-0.06764365,0.93859124
3418,-0.09695145,0.662566
3419,0.1276598,-0.16204473
3420,-0.12440234,0.42600438
3421,-0.1821111,-0.12851422
3422,0.08689301,-0.7463317
3423,0.06627697,-0.9459683
3424,0.06764365,-0.93859124
3425,-0.053247493,0.89871544
3426,0.06697103,-0.9367281
3427,0.06764365,-0.93859124
3428,-0.065373644,0.94900393
3429,-0.06764365,0.93859124
3430,0.049167387,-0.36695516
3431,-0.08689299,0.7463317
3432,0.053247698,-0.89871603
3433,-0.06764365,0.93859124
3434,-0.06764365,0.93859124
3435,0.11620082,-0.47030652
3436,-0.11620082,0.47030652
3437,-0.06764365,0.93859124
3438,0.062216483,-0.9458838
3439,-0.053247835,0.8987164
3440,0.08060728,-0.8070594
3441,-0.11620082,0.47030652
3442,0.053247362,-0.8987151
3443,-0.06762752,0.9497091
3444,-0.06764365,0.93859124
3445,-0.08063439,0.8071345
3446,-0.06618061,0.94570136
3447,-0.053247835,0.8987164
3448,0.08689301,-0.7463317
3449,-0.14913076,0.1931083
3450,0.08063837,-0.80714554
3451,0.06698587,-0.7693296
3452,-0.095090926,0.7020632
3453,0.06698587,-0.7693296
3454,-0.067346536,0.9377682
3455,-0.14913076,0.19310829
3456,0.053247835,-0.8987164
3457,-0.08059458,0.80702424
3458,0.05540218,-0.65910554
3459,-0.08419381,0.7388552
3460,-0.12439877,0.4260381
3461,0.18301792,0.12604599
3462,-0.09326281,0.71928114
3463,-0.08063214,0.80712825
3464,-0.1721172,-0.08922036
3465,-0.05324744,0.8987153
3466,0.06764365,-0.93859124
3467,0.07407086,-0.8670927
3468,-0.095090926,0.7020632
3469,-0.06764365,0.93859124
3470,0.1748164,0.08174382
3471,-0.15556705,0.110515654
3472,0.06698587,-0.7693296
3473,-0.18301436,-0.12601231
3474,-0.06764365,0.93859124
3475,-0.06764365,0.93859124
3476,-0.10109932,0.41219208
3477,-0.06698587,0.7693296
3478,0.06674391,-0.93609905
3479,-0.053247392,0.8987152
3480,0.08689302,-0.7463317
3481,0.053807165,-0.5430611
3482,0.121696025,-0.4185518
3483,0.11620082,-0.47030652
3484,-0.05324732,0.89871496
3485,-0.06696212,0.93670344
3486,-0.066244714,0.9458789
3487,-0.0886925,0.7513161
3488,0.1821111,0.12851422
3489,-0.053247526,0.89871556
3490,0.06764365,-0.93859124
3491,-0.06764365,0.93859124
3492,-0.05324731,0.89871496
3493,-0.1748164,-0.08174382
3494,-0.05324734,0.898715
3495,-0.0677051,0.959987
3496,-0.08056383,0.80693907
3497,-0.12439877,0.4260381
3498,-0.053807165,0.54306114
3499,0.11620082,-0.47030652
3500,0.040748283,-0.7971181
3501,-0.06696864,0.9367215
3502,-0.121696025,0.4185518
3503,-0.08066879,0.8072298
3504,-0.08099811,0.4509374
3505,-0.08061756,0.8070879
3506,-0.0886925,0.7513161
3507,0.053764004,-0.5429416
3508,-0.08062334,0.8071039
3509,0.11620082,-0.47030652
3510,-0.03695481,0.6903299
3511,0.15556705,-0.110515654
3512,0.1748164,0.08174382
3513,-0.06617008,0.9456722
3514,-0.06404471,0.92862254
3515,-0.1821111,-0.12851422
3516,0.12439866,-0.4260379
3517,-0.053764004,0.5429416
3518,-0.1748164,-0.08174382
3519,0.053247306,-0.89871496
3520,-0.10630369,0.44289267
3521,0.095090926,-0.7020632
3522,-0.12478426,0.12059163
3523,0.15556705,-0.110515654
3524,-0.18031162,-0.13349856
3525,0.06764365,-0.93859124
3526,0.06698587,-0.7693296
3527,-0.06698587,0.7693296
3528,-0.06764365,0.93859124
3529,0.08065753,-0.8071986
3530,0.06583158,-0.94469106
3531,0.06608613,-0.7668374
3532,0.093304105,-0.6859512
3533,0.053247325,-0.898715
3534,-0.080485485,0.8066785
3535,0.06764365,-0.93859124
3536,0.09326281,-0.71928114
3537,-0.0886925,0.7513161
3538,-0.0769959,0.7189178
3539,0.06698587,-0.7693296
3540,0.0769959,-0.7189178
3541,0.08689301,-0.7463317
3542,0.11620082,-0.47030652
3543,0.08698371,-0.7455201
3544,0.053247355,-0.8987151
3545,0.06764365,-0.93859124
3546,-0.0886925,0.7513161
3547,0.086892985,-0.74633163
3548,-0.11620082,0.47030652
3549,-0.08689302,0.7463317
3550,-0.11620082,0.47030652
3551,-0.11620082,0.47030652
3552,-0.09051518,0.74515843
3553,0.08058632,-0.80700135
3554,-0.03928133,0.87673116
3555,0.08689301,-0.7463317
3556,-0.025801938,0.8393948
3557,-0.07254145,0.8851817
3558,0.13621183,0.24448748
3559,0.1748164,0.08174382
3560,0.06764365,-0.93859124
3561,0.053247403,-0.8987152
3562,-0.12439866,0.4260379
3563,-0.06698587,0.7693296
3564,0.06764365,-0.93859124
3565,0.080563314,-0.80693763
3566,-0.06764365,0.93859124
3567,0.06764365,-0.93859124
3568,0.080575384,-0.8069711
3569,-0.06764365,0.93859124
3570,0.08419381,-0.7388552
3571,0.053807165,-0.5430611
3572,-0.080557935,0.80692273
3573,-0.15556705,0.110515654
3574,-0.09509453,0.7020295
3575,-0.05324743,0.89871526
3576,0.040720135,-0.77293944
3577,0.040982448,-0.9098514
3578,0.09326281,-0.7192811
3579,0.0886925,-0.7513161
3580,0.08689301,-0.7463317
3581,-0.058068324,0.6423904
3582,0.12440234,-0.42600438
3583,-0.080620304,0.80709547
3584,0.14917207,-0.15977818
3585,0.05324759,-0.89871573
3586,-0.12440234,0.42600438
3587,0.15556705,-0.110515654
3588,-0.053764004,0.5429416
3589,-0.06764365,0.93859124
3590,-0.06582805,0.9447248
3591,0.06764365,-0.93859124
3592,0.06764365,-0.93859124
3593,0.09479427,-0.25722355
3594,-0.06764365,0.93859124
3595,0.08055897,-0.8069256
3596,0.1821111,0.12851422
3597,-0.0769959,0.7189178
3598,-0.050075363,0.5996567
3599,0.11620082,-0.47030652
3600,0.08063175,-0.8071272
3601,0.067003414,-0.9368178
3602,0.053247318,-0.89871496
3603,-0.06631837,0.94608295
3604,-0.053247835,0.8987164
3605,0.08061719,-0.8070869
3606,0.08689299,-0.74633163
3607,0.06764365,-0.93859124
3608,-0.17753175,-0.08538525
3609,0.06404471,-0.92862254
3610,0.12261191,-0.409926
3611,0.053247835,-0.8987164
3612,-0.031201407,0.86936337
3613,-0.11891617,0.4666651
3614,-0.06764365,0.93859124
3615,-0.08058378,0.8069943
3616,-0.053247835,0.8987164
3617,0.06764365,-0.93859124
3618,-0.1721172,-0.08922036
3619,0.11453393,0.24871962
3620,0.11620082,-0.47030652
3621,-0.06764365,0.93859124
3622,0.05324783,-0.8987164
3623,0.06626043,-0.94592243
3624,-0.12440233,0.42600435
3625,0.0669561,-0.9366868
3626,-0.06636476,0.9462114
3627,0.06698587,-0.7693296
3628,-0.095090926,0.7020632
3629,-0.05324783,0.8987164
3630,0.06764365,-0.93859124
3631,0.11620082,-0.47030652
3632,0.062449396,-0.9409042
3633,0.053247385,-0.89871514
3634,-0.09695145,0.662566
3635,0.06764365,-0.93859124
3636,-0.15556705,0.110515654
3637,-0.053247795,0.8987163
3638,0.10546848,-0.39592856
3639,0.08059579,-0.8070276
3640,-0.080640964,0.8071527
3641,0.08055265,-0.8069081
3642,0.07251626,-0.8851119
3643,-0.09509096,0.70206326
3644,0.06764365,-0.93859124
3645,0.06764365,-0.93859124
3646,-0.055402283,0.6591046
3647,-0.086892985,0.74633163
3648,-0.088692464,0.751316
3649,-0.06764365,0.93859124
3650,0.06764365,-0.93859124
3651,0.08057588,-0.80697244
3652,0.053247306,-0.89871496
3653,0.023925453,0.7016554
3654,0.06674392,-0.93609905
3655,0.033657655,-0.86115444
3656,0.06764365,-0.93859124
3657,-0.11620082,0.47030652
3658,-0.06648247,0.9465375
3659,0.06764365,-0.93859124
3660,-0.05324737,0.89871514
3661,0.095090926,-0.7020632
3662,-0.05324739,0.8987152
3663,0.18301791,0.126046
3664,-0.05286427,0.5404494
3665,-0.0698611,0.52994025
3666,-0.06764365,0.93859124
3667,-0.08689301,0.7463317
3668,-0.06764365,0.93859124
3669,-0.053247835,0.8987164
3670,0.11620082,-0.47030652
3671,-0.06764365,0.93859124
3672,-0.08689301,0.7463317
3673,-0.0886925,0.7513161
3674,0.1748164,0.08174382
3675,-0.11620082,0.47030652
3676,-0.08689301,0.7463317
3677,-0.06764365,0.93859124
3678,0.053247306,-0.89871496
3679,0.05324774,-0.89871615
3680,-0.09326281,0.71928114
3681,-0.08058277,0.8069915
3682,0.09695145,-0.662566
3683,0.06646126,-0.9464787
3684,0.15556705,-0.110515654
3685,0.10944997,-0.53392994
3686,0.08056303,-0.80693686
3687,-0.06764365,0.93859124
3688,-0.053247835,0.8987164
3689,0.08061504,-0.8070809
3690,-0.0532474,0.8987152
3691,-0.121696025,0.4185518
3692,0.08689301,-0.7463317
3693,0.11620082,-0.47030652
3694,0.0886925,-0.7513161
3695,-0.053247314,0.89871496
3696,-0.08057014,0.8069565
3697,-0.095090926,0.7020632
3698,-0.014135763,-0.64509535
3699,-0.07253616,0.88516706
3700,0.06764365,-0.93859124
3701,-0.12439877,0.4260381
3702,-0.0805848,0.8069971
3703,0.07484511,-0.3334305
3704,0.08059215,-0.8070175
3705,0.05324731,-0.89871496
3706,-0.12440234,0.42600438
3707,0.15556705,-0.110515654
3708,-0.05324783,0.8987164
3709,-0.12439877,0.4260381
3710,0.09695145,-0.662566
3711,0.0805877,-0.80700517
3712,0.12440233,-0.42600435
3713,-0.11620082,0.47030652
3714,-0.06764365,0.93859124
3715,0.05324781,-0.89871633
3716,0.1748164,0.08174382
3717,0.09695145,-0.662566
3718,-0.0769959,0.7189178
3719,-0.08067281,0.8072409
3720,-0.053247385,0.89871514
3721,0.06698587,-0.7693296
3722,-0.06698572,0.93676883
3723,-0.066951856,0.936675
3724,0.15556705,-0.110515654
3725,0.080668576,-0.8072292
3726,0.08058106,-0.8069868
3727,0.14917207,-0.15977818
3728,0.06764365,-0.93859124
3729,-0.05324734,0.898715
3730,-0.11620082,0.47030652
3731,-0.08689302,0.7463317
3732,-0.0769959,0.7189178
3733,0.05540218,-0.65910554
3734,-0.12439866,0.4260379
3735,0.053247333,-0.898715
3736,0.06764365,-0.93859124
3737,0.09051517,-0.74515843
3738,0.03964138,-0.8146026
3739,0.06764365,-0.93859124
3740,0.06630954,-0.94605845
3741,-0.032326084,0.8724786
3742,-0.06698587,0.7693296
3743,0.06764365,-0.93859124
3744,0.080557756,-0.80692226
3745,-0.08057621,0.80697334
3746,-0.06764365,0.93859124
3747,-0.08063131,0.807126
3748,0.09326281,-0.71928114
3749,-0.050075363,0.5996567
3750,-0.1748164,-0.08174382
3751,0.0769959,-0.7189178
3752,-0.095090926,0.7020632
3753,0.11620082,-0.47030652
3754,0.053764004,-0.5429416
3755,0.06698587,-0.7693296
3756,-0.080563106,0.80693704
3757,-0.06764365,0.93859124
3758,0.11620082,-0.47030652
3759,0.06764365,-0.93859124
3760,0.0046297014,-0.7863748
3761,-0.053247306,0.89871496
3762,0.06698587,-0.7693296
3763,-0.06695087,0.93667233
3764,0.09326281,-0.7192811
3765,-0.05324731,0.89871496
3766,-0.08968854,0.75294375
3767,0.09326281,-0.7192811
3768,0.092105,0.3554958
3769,0.15556705,-0.110515654
3770,0.05324742,-0.89871526
3771,-0.072526835,0.88514125
3772,0.080649994,-0.8071777
3773,-0.053764004,0.5429416
3774,-0.09326281,0.71928114
3775,0.06674391,-0.93609905
3776,-0.06698587,0.7693296
3777,0.08689301,-0.7463317
3778,-0.047063477,0.9211142
3779,0.06698587,-0.7693296
3780,-0.06764365,0.93859124
3781,0.05324768,-0.898716
3782,-0.03165767,0.21380606
3783,-0.09835218,0.43807018
3784,0.121696025,-0.4185518
3785,0.066357866,-0.9461923
3786,0.1748164,0.08174382
3787,0.1748164,0.08174382
3788,-0.06764365,0.93859124
3789,-0.1821111,-0.12851422
3790,-0.073155,0.87571853
3791,0.06698587,-0.7693296
3792,-0.06674391,0.93609905
3793,0.06698587,-0.7693296
3794,0.06770703,-0.95996904
3795,-0.053247534,0.89871556
3796,0.05324731,-0.89871496
3797,0.09142749,-0.73656636
3798,-0.11620082,0.47030652
3799,-0.06698587,0.7693296
3800,-0.08689299,0.74633163
3801,0.0769959,-0.7189178
3802,0.06764365,-0.93859124
3803,-0.09695145,0.662566
3804,0.08689301,-0.7463317
3805,-0.080596134,0.80702853
3806,0.06764365,-0.93859124
3807,0.08394519,-0.7381665
3808,0.066981666,-0.9367576
3809,-0.1748164,-0.08174382
3810,0.06764365,-0.93859124
3811,0.06764365,-0.93859124
3812,-0.08067474,0.80724627
3813,-0.06698587,0.7693296
3814,0.05141557,-0.9159665
3815,0.05141557,-0.9159665
3816,0.08689301,-0.7463317
3817,-0.05324769,0.898716
3818,-0.09695145,0.662566
3819,-0.08063353,0.8071321
3820,-0.080549896,0.80690044
3821,0.080577254,-0.80697626
3822,-0.088692494,0.7513161
3823,0.0769959,-0.7189178
3824,0.080587134,-0.8070036
3825,0.15556705,-0.110515654
3826,0.06764365,-0.93859124
3827,-0.1821111,-0.12851422
3828,0.11620082,-0.47030652
3829,-0.094175056,0.71068895
3830,0.09326281,-0.7192811
3831,-0.08058151,0.806988
3832,0.06616867,-0.672642
3833,-0.06764365,0.93859124
3834,-0.1721172,-0.08922036
3835,-0.080548696,0.8068971
3836,0.18301791,0.126046
3837,-0.15556705,0.110515654
3838,-0.15556705,0.110515654
3839,-0.08689301,0.7463317
3840,-0.089686915,0.7529591
3841,0.0932628,-0.7192811
3842,-0.0665257,0.94665724
3843,-0.053247333,0.898715
3844,-0.05597582,0.7686409
3845,-0.06764365,0.93859124
3846,0.15556705,-0.110515654
3847,0.06698587,-0.7693296
3848,-0.09509096,0.70206326
3849,0.05540218,-0.65910554
3850,-0.080675066,0.80724716
3851,-0.11620082,0.47030652
3852,0.11620082,-0.47030652
3853,0.11620082,-0.47030652
3854,-0.06764365,0.93859124
3855,-0.1821111,-0.12851422
3856,0.053247463,-0.8987154
3857,0.06764365,-0.93859124
3858,0.06629146,-0.9460084
3859,-0.061717156,0.7831012
3860,-0.06764365,0.93859124
3861,-0.06698587,0.7693296
3862,0.06764365,-0.93859124
3863,0.05540218,-0.65910554
3864,-0.12440234,0.42600438
3865,-0.06698587,0.7693296
3866,-0.06764365,0.93859124
3867,-0.06764365,0.93859124
3868,0.0769959,-0.7189178
3869,0.06620285,-0.945763
3870,0.15556705,-0.110515654
3871,0.05324733,-0.898715
3872,0.11620082,-0.47030652
3873,-0.09509096,0.70206326
3874,-0.06764365,0.93859124
3875,-0.06764365,0.93859124
3876,0.053247314,-0.89871496
3877,0.066944875,-0.9366557
3878,0.05324743,-0.89871526
3879,0.15556705,-0.110515654
3880,-0.12440234,0.42600438
3881,0.0886925,-0.7513161
3882,0.06623658,-0.9458564
3883,0.080552705,-0.80690825
3884,-0.1821111,-0.12851422
3885,0.053247444,-0.8987153
3886,-0.066980235,0.93675363
3887,-0.12440234,0.42600438
3888,-0.0769959,0.7189178
3889,0.05713764,-0.8262299
3890,0.05324737,-0.89871514
3891,-0.11620082,0.47030652
3892,-0.06764365,0.93859124
3893,-0.05324736,0.8987151
3894,0.08689299,-0.7463317
3895,-0.08056119,0.80693173
3896,0.053247835,-0.8987164
3897,0.11620082,-0.47030652
3898,-0.05324739,0.8987152
3899,-0.053247824,0.8987164
3900,-0.06764365,0.93859124
3901,0.1748164,0.08174382
3902,0.1821111,0.12851422
3903,-0.15556705,0.110515654
3904,0.06764365,-0.93859124
3905,-0.16491929,-0.109157756
3906,-0.086983114,0.7455258
3907,-0.08056052,0.8069299
3908,-0.06764365,0.93859124
3909,0.06764365,-0.93859124
3910,-0.05540218,0.65910554
3911,0.15556705,-0.110515654
3912,-0.053247835,0.8987164
3913,-0.06639309,0.9462899
3914,0.06764365,-0.93859124
3915,-0.15556705,0.110515654
3916,-0.06764365,0.93859124
3917,-0.11620082,0.47030652
3918,-0.06764365,0.93859124
3919,0.095090866,-0.7020631
3920,-0.08055257,0.8069079
3921,0.11453393,0.24871962
3922,0.08059159,-0.80701596
3923,-0.15556705,0.110515654
3924,-0.090563595,0.71180457
3925,-0.11620082,0.47030652
3926,0.053247705,-0.89871603
3927,0.06764365,-0.93859124
3928,-0.09326281,0.7192811
3929,-0.05324734,0.898715
3930,0.15556705,-0.110515654
3931,0.06698587,-0.7693296
3932,0.080599055,-0.80703664
3933,0.06764365,-0.93859124
3934,-0.06764365,0.93859124
3935,-0.09741027,0.44693518
3936,0.06640221,-0.94631517
3937,0.06698587,-0.7693296
3938,0.053247463,-0.8987154
3939,0.09482035,0.3591373
3940,0.06764365,-0.93859124
3941,0.053247835,-0.8987164
3942,-0.0677071,0.9599684
3943,0.053247325,-0.898715
3944,0.053247638,-0.89871585
3945,-0.1821111,-0.12851422
3946,0.16491929,0.109157756
3947,-0.15131864,-0.12931238
3948,0.06764365,-0.93859124
3949,0.1821111,0.12851422
3950,-0.06698587,0.7693296
3951,0.08057293,-0.8069643
3952,-0.08055472,0.8069138
3953,-0.080602475,0.8070461
3954,-0.053247355,0.8987151
3955,0.15556705,-0.110515654
3956,-0.0532474,0.8987152
3957,-0.08060731,0.80705947
3958,-0.1748164,-0.08174382
3959,0.11620082,-0.47030652
3960,-0.06583159,0.94469106
3961,-0.08062585,0.80711085
3962,-0.080618486,0.80709046
3963,-0.06764365,0.93859124
3964,0.15556705,-0.110515654
3965,-0.075088456,0.7111826
3966,0.06764365,-0.93859124
3967,-0.06764365,0.93859124
3968,0.053247817,-0.89871633
3969,-0.15556705,0.110515654
3970,0.08055379,-0.8069113
3971,-0.08698341,0.745523
3972,0.06404471,-0.92862254
3973,-0.053247795,0.8987163
3974,0.11620082,-0.47030652
3975,-0.06628307,0.94598514
3976,0.13621183,0.24448748
3977,0.06764365,-0.93859124
3978,-0.1821111,-0.12851422
3979,0.06764365,-0.93859124
3980,0.1821111,0.12851422
3981,0.11620082,-0.47030652
3982,-0.06698587,0.7693296
3983,0.06674391,-0.93609905
3984,-0.06404471,0.92862254
3985,-0.15556705,0.110515654
3986,-0.09695145,0.662566
3987,0.11620082,-0.47030652
3988,-0.080659665,0.8072045
3989,-0.053247835,0.8987164
3990,0.11620082,-0.47030652
3991,0.12439877,-0.4260381
3992,0.05141575,-0.91596484
3993,0.06764365,-0.93859124
3994,0.06583159,-0.94469106
3995,0.10944998,-0.53392977
3996,0.080604196,-0.8070509
3997,0.06764365,-0.93859124
3998,-0.16491929,-0.109157756
3999,0.08054793,-0.806895
4000,-0.08056535,0.8069433
4001,-0.02488539,0.83685595
4002,-0.0676403,0.9605545
4003,0.035980307,-0.8491124
4004,0.06698587,-0.7693296
4005,-0.06764365,0.93859124
4006,-0.15556705,0.110515654
4007,-0.080558196,0.80692345
4008,-0.06764365,0.93859124
4009,-0.05540218,0.65910554
4010,-0.0769959,0.7189178
4011,-0.11453393,-0.24871962
4012,0.06764365,-0.93859124
4013,-0.057135973,0.6166009
4014,-0.15556705,0.110515654
4015,-0.06764365,0.93859124
4016,0.06764365,-0.93859124
4017,-0.15556705,0.110515654
4018,0.06764365,-0.93859124
4019,0.05324783,-0.8987164
4020,0.06764365,-0.93859124
4021,-0.11620082,0.47030652
4022,0.06764365,-0.93859124
4023,0.08689301,-0.7463317
4024,0.005775705,0.7384449
4025,0.09326281,-0.7192811
4026,0.11620082,-0.47030652
4027,-0.06764365,0.93859124
4028,-0.06609698,0.9454697
4029,0.06698587,-0.7693296
4030,0.15556705,-0.110515654
4031,0.086893,-0.7463317
4032,-0.06764365,0.93859124
4033,-0.06764365,0.93859124
4034,0.0769959,-0.7189178
4035,-0.07252176,0.8851272
4036,0.11620082,-0.47030652
4037,0.08689301,-0.7463317
4038,0.06764365,-0.93859124
4039,0.053764004,-0.5429416
4040,-0.095090866,0.7020631
4041,0.06764365,-0.93859124
4042,0.08064253,-0.80715704
4043,0.06764365,-0.93859124
4044,0.11620082,-0.47030652
4045,0.06734204,-0.9377558
4046,-0.16064739,-0.15960124
4047,0.06698587,-0.7693296
4048,0.036943164,-0.8071288
4049,-0.13332972,-0.2542454
4050,-0.06698587,0.7693296
4051,-0.09730823,0.37936527
4052,0.1821111,0.12851422
4053,0.11620082,-0.47030652
4054,-0.15556705,0.110515654
4055,0.11620082,-0.47030652
4056,-0.06764365,0.93859124
4057,-0.06764365,0.93859124
4058,-0.09326281,0.7192811
4059,-0.06171701,0.78310126
4060,-0.17939928,-0.12486304
4061,0.06764365,-0.93859124
4062,0.15556705,-0.110515654
4063,-0.053247835,0.8987164
4064,0.080552034,-0.8069064
4065,0.05540218,-0.65910554
4066,-0.15556705,0.110515654
4067,0.08056748,-0.80694914
4068,-0.11620082,0.47030652
4069,-0.095090926,0.7020632
4070,-0.06764365,0.93859124
4071,-0.053247835,0.8987164
4072,0.18031162,0.13349856
4073,-0.1721172,-0.08922036
4074,0.053247474,-0.8987154
4075,-0.1748164,-0.08174382
4076,0.05324739,-0.8987152
4077,-0.08057575,0.8069721
4078,0.08058466,-0.80699676
4079,0.08055541,-0.8069157
4080,-0.024885397,0.83685595
4081,0.053247306,-0.89871496
4082,-0.15556705,0.110515654
4083,0.06764365,-0.93859124
4084,0.1721172,0.08922036
4085,-0.11620082,0.47030652
4086,-0.16408408,-0.15612178
4087,0.11620082,-0.47030652
4088,-0.06764365,0.93859124
4089,0.050075363,-0.5996567
4090,0.05540218,-0.65910554
4091,0.12170312,-0.41852784
4092,0.053807173,-0.54306114
4093,-0.06698587,0.7693296
4094,0.0769959,-0.7189178
4095,-0.1821111,-0.12851422
4096,-0.08689299,0.7463317
4097,0.10944991,-0.53393054
4098,-0.18301792,-0.12604599
4099,-0.06762752,0.9497091
4100,0.05324732,-0.89871496
4101,0.08059358,-0.80702144
4102,0.057970405,-0.6309566
4103,0.05540218,-0.65910554
4104,0.08062981,-0.8071218
4105,0.15556705,-0.110515654
4106,0.06698587,-0.7693296
4107,0.09695145,-0.662566
4108,-0.1748164,-0.08174382
4109,-0.068543375,0.9410833
4110,-0.06764365,0.93859124
4111,-0.06762752,0.9497091
4112,0.06764365,-0.93859124
4113,0.08099811,-0.4509374
4114,-0.062216483,0.9458838
4115,0.06499929,-0.9525727
4116,0.06698587,-0.7693296
4117,-0.06582805,0.9447248
4118,0.05324763,-0.89871585
4119,-0.06764365,0.93859124
4120,0.061771963,-0.6320549
4121,0.06764365,-0.93859124
4122,0.11893069,-0.477494
4123,-0.06764365,0.93859124
4124,-0.052438684,0.6625712
4125,-0.1821111,-0.12851422
4126,0.06953991,-0.8768678
4127,0.14642447,-0.18565556
4128,-0.1821111,-0.12851422
4129,0.066984564,-0.9367656
4130,0.09326279,-0.7192811
4131,-0.1821111,-0.12851422
4132,0.18301791,0.126046
4133,0.06764365,-0.93859124
4134,-0.062216483,0.9458838
4135,-0.08419381,0.7388552
4136,0.08054903,-0.80689806
4137,0.06764365,-0.93859124
4138,-0.06764365,0.93859124
4139,0.053247575,-0.8987157
4140,-0.053247314,0.89871496
4141,-0.05141557,0.9159665
4142,0.06698587,-0.7693296
4143,0.0769959,-0.7189178
4144,-0.053247496,0.8987155
4145,0.05367695,-0.91660535
4146,0.039641727,-0.81460357
4147,-0.11620082,0.47030652
4148,0.05380717,-0.54306114
4149,0.08055457,-0.8069134
4150,-0.11620082,0.47030652
4151,-0.15556705,0.110515654
4152,0.080568135,-0.806951
4153,0.06698238,-0.9367596
4154,-0.06764365,0.93859124
4155,0.0886925,-0.7513161
4156,-0.088692494,0.7513161
4157,0.11620082,-0.47030652
4158,0.15556705,-0.110515654
4159,0.06764365,-0.93859124
4160,-0.05540218,0.65910554
4161,0.08061895,-0.8070917
4162,0.053247306,-0.89871496
4163,-0.05367695,0.91660535
4164,0.12440234,-0.42600438
4165,0.080619,-0.8070919
4166,-0.08689301,0.7463317
4167,0.06764365,-0.93859124
4168,-0.06614824,0.94561166
4169,-0.05324732,0.89871496
4170,-0.05324736,0.8987151
4171,0.15556705,-0.110515654
4172,-0.09695145,0.662566
4173,-0.08067037,0.80723417
4174,0.05324734,-0.898715
4175,0.11620082,-0.47030652
4176,-0.15556705,0.110515654
4177,0.06764365,-0.93859124
4178,0.06764365,-0.93859124
4179,-0.11620082,0.47030652
4180,-0.04098244,0.9098513
4181,-0.1748164,-0.08174382
4182,0.0886925,-0.7513161
4183,0.066962294,-0.9367039
4184,-0.15556705,0.110515654
4185,0.067704596,-0.95999175
4186,-0.06666555,0.9470446
4187,0.06735705,-0.93779737
4188,-0.06583158,0.94469106
4189,0.023556467,-0.8164746
4190,0.066498645,-0.9465823
4191,-0.1821111,-0.12851422
4192,0.06764365,-0.93859124
4193,0.06698587,-0.7693296
4194,-0.0769959,0.7189178
4195,0.11891617,-0.4666651
4196,0.06649189,-0.94656354
4197,-0.086927295,0.7460086
4198,-0.06764365,0.93859124
4199,0.06628231,-0.94598305
4200,-0.06764365,0.93859124
4201,0.1748164,0.08174382
4202,-0.024499387,0.8190864
4203,0.05324783,-0.8987164
4204,0.06764365,-0.93859124
4205,-0.08059567,0.8070273
4206,-0.06698587,0.7693296
4207,-0.08055474,0.80691385
4208,-0.06698587,0.7693296
4209,0.06764365,-0.93859124
4210,0.06764365,-0.93859124
4211,-0.06764365,0.93859124
4212,-0.09695145,0.662566
4213,0.06764365,-0.93859124
4214,0.06651937,-0.9466397
4215,-0.053247422,0.89871526
4216,0.06764365,-0.93859124
4217,0.08054787,-0.80689484
4218,-0.08064833,0.80717313
4219,-0.05324761,0.8987158
4220,-0.080558635,0.8069247
4221,0.03165767,-0.21380606
4222,0.053247787,-0.8987163
4223,0.06764365,-0.93859124
4224,-0.080561675,0.8069331
4225,-0.05324731,0.89871496
4226,-0.08689301,0.7463317
4227,-0.07938316,0.3236315
4228,-0.08064119,0.80715334
4229,0.11620082,-0.47030652
4230,0.08689301,-0.7463317
4231,-0.088692494,0.7513161
4232,-0.06764365,0.93859124
4233,0.1748164,0.08174382
4234,-0.12439877,0.4260381
4235,-0.15556705,0.110515654
4236,-0.11620082,0.47030652
4237,0.06770704,-0.9599689
4238,0.06698587,-0.7693296
4239,0.053247314,-0.89871496
4240,0.053247306,-0.89871496
4241,0.18031162,0.13349856
4242,-0.05159691,0.6691158
4243,0.06764365,-0.93859124
4244,-0.05169031,0.72696257
4245,-0.072540835,0.88518
4246,0.1821111,0.12851422
4247,0.08057716,-0.80697596
4248,0.06698587,-0.7693296
4249,0.09509096,-0.70206326
4250,0.06764365,-0.93859124
4251,-0.08067392,0.807244
4252,0.12440234,-0.4260044
4253,0.06698587,-0.7693296
4254,0.065373644,-0.94900393
4255,-0.086892985,0.74633163
4256,0.08419347,-0.7388542
4257,0.06764365,-0.93859124
4258,0.08065447,-0.8071901
4259,-0.15556705,0.110515654
4260,-0.14642447,0.18565556
4261,-0.08540199,0.49150056
4262,0.053247344,-0.898715
4263,0.06764365,-0.93859124
4264,0.053247355,-0.8987151
4265,-0.053247355,0.8987151
4266,0.06764365,-0.93859124
4267,-0.05324737,0.89871514
4268,-0.053247314,0.89871496
4269,-0.12439877,0.4260381
4270,0.06764365,-0.93859124
4271,-0.07774143,0.83256555
4272,-0.06764365,0.93859124
4273,0.08058484,-0.80699724
4274,-0.08419381,0.7388552
4275,0.053764004,-0.5429416
4276,0.1748164,0.08174382
4277,0.03165767,-0.21380606
4278,-0.05324736,0.8987151
4279,-0.01985947,0.64298147
4280,0.066995576,-0.9367961
4281,-0.05143223,0.90485
4282,-0.05324781,0.89871633
4283,0.066169046,-0.94566935
4284,0.06698587,-0.7693296
4285,0.053247835,-0.8987164
4286,0.09326281,-0.71928114
4287,-0.05324781,0.89871633
4288,-0.08057584,0.8069723
4289,0.088692464,-0.751316
4290,0.03964001,-0.8145988
4291,-0.09051517,0.74515843
4292,0.053247306,-0.89871496
4293,-0.09326281,0.71928114
4294,-0.06698587,0.7693296
4295,-0.08059658,0.8070298
4296,0.06764365,-0.93859124
4297,0.0878089,-0.73770595
4298,0.039639913,-0.81459856
4299,-0.14913079,0.19310811
4300,-0.1748164,-0.08174382
4301,0.053247362,-0.8987151
4302,-0.08058256,0.8069909
4303,0.06696981,-0.9367248
4304,0.080605105,-0.8070534
4305,-0.053247333,0.898715
4306,-0.05141557,0.9159665
4307,-0.06698587,0.7693296
4308,0.06651788,-0.94663554
4309,0.06764365,-0.93859124
4310,-0.08062264,0.80710196
4311,-0.11620082,0.47030652
4312,0.11620082,-0.47030652
4313,0.08689301,-0.7463317
4314,-0.06635629,0.946188
4315,-0.06764365,0.93859124
4316,-0.06764365,0.93859124
4317,0.12440234,-0.4260044
4318,0.053676967,-0.9166054
4319,-0.080594726,0.80702466
4320,0.08055776,-0.80692226
4321,-0.11620082,0.47030652
4322,-0.06764365,0.93859124
4323,0.053247314,-0.89871496
4324,0.11620082,-0.47030652
4325,-0.06764365,0.93859124
4326,-0.06698587,0.7693296
4327,-0.06698587,0.7693296
4328,-0.06764365,0.93859124
4329,-0.053247314,0.89871496
4330,-0.06764365,0.93859124
4331,-0.06764365,0.93859124
4332,-0.0886925,0.7513161
4333,-0.053247374,0.89871514
4334,0.15556705,-0.110515654
4335,0.080564745,-0.80694157
4336,-0.08689301,0.7463317
4337,0.06764365,-0.93859124
4338,-0.08689302,0.7463317
4339,0.06764365,-0.93859124
4340,-0.08064146,0.8071541
4341,0.05097782,-0.90912914
4342,-0.06764365,0.93859124
4343,-0.06698587,0.7693296
4344,0.06764365,-0.93859124
4345,0.08419381,-0.7388552
4346,0.0769959,-0.7189178
4347,-0.08056481,0.8069418
4348,0.08689301,-0.7463317
4349,0.053247377,-0.89871514
4350,-0.11620082,0.47030652
4351,-0.11620082,0.47030652
4352,-0.03165767,0.21380606
4353,-0.080551006,0.80690354
4354,0.0806029,-0.80704725
4355,-0.06491216,0.95335054
4356,0.06764365,-0.93859124
4357,-0.12439866,0.4260379
4358,-0.08060038,0.80704033
4359,0.06698587,-0.7693296
4360,-0.06764365,0.93859124
4361,-0.066979386,0.9367513
4362,-0.15556705,0.110515654
4363,0.09695145,-0.662566
4364,-0.109314606,-0.26060158
4365,0.053764004,-0.5429416
4366,0.066494286,-0.9465702
4367,-0.11620082,0.47030652
4368,0.05540218,-0.65910554
4369,0.09509096,-0.70206326
4370,-0.13891104,-0.23701094
4371,0.08689301,-0.7463317
4372,-0.053247835,0.8987164
4373,-0.09695145,0.662566
4374,-0.06764365,0.93859124
4375,0.053247835,-0.8987164
4376,0.06764365,-0.93859124
4377,0.06635544,-0.9461856
4378,0.06764365,-0.93859124
4379,-0.100816354,0.37188005
4380,-0.18031162,-0.13349856
4381,-0.06764365,0.93859124
4382,-0.11620082,0.47030652
4383,-0.08060624,0.80705655
4384,-0.05143223,0.90485
4385,0.08689301,-0.7463317
4386,0.11350159,-0.46283007
4387,-0.08689302,0.7463317
4388,-0.11620082,0.47030652
4389,-0.08689301,0.7463317
4390,-0.06764365,0.93859124
4391,-0.15556705,0.110515654
4392,0.053247422,-0.89871526
4393,0.06764365,-0.93859124
4394,0.06764365,-0.93859124
4395,0.09695145,-0.662566
4396,0.05324734,-0.898715
4397,0.15556705,-0.110515654
4398,-0.11620082,0.47030652
4399,-0.019859493,0.6429813
4400,0.066176504,-0.94569
4401,-0.14642447,0.18565556
4402,0.056094166,-0.76752573
4403,0.06764365,-0.93859124
4404,-0.06764365,0.93859124
4405,0.053247742,-0.89871615
4406,-0.046166576,0.9295572
4407,-0.15556705,0.110515654
4408,-0.06617912,0.94569725
4409,-0.09509096,0.70206326
4410,-0.05324749,0.89871544
4411,-0.15952277,-0.1627164
4412,0.06764365,-0.93859124
4413,-0.053247347,0.8987151
4414,-0.06764365,0.93859124
4415,0.06764365,-0.93859124
4416,-0.10630369,0.4428926
4417,0.09695145,-0.662566
4418,0.15556705,-0.110515654
4419,0.1748164,0.08174382
4420,0.061717413,-0.7831016
4421,0.06764365,-0.93859124
4422,0.08054702,-0.8068925
4423,0.086892985,-0.74633163
4424,-0.08419381,0.7388552
4425,-0.15556705,0.110515654
4426,0.06764365,-0.93859124
4427,-0.06764365,0.93859124
4428,-0.13799874,-0.22841889
4429,0.06764365,-0.93859124
4430,-0.053764004,0.5429416
4431,-0.08689301,0.7463317
4432,-0.04706332,0.9211139
4433,-0.06499231,0.95263845
4434,0.080595784,-0.8070276
4435,-0.049727622,0.7085887
4436,0.08058643,-0.80700165
4437,-0.15556705,0.110515654
4438,0.08044064,-0.8400421
4439,-0.06698587,0.7693296
4440,0.093304105,-0.6859512
4441,0.06764365,-0.93859124
4442,0.15556705,-0.110515654
4443,0.067007616,-0.9368295
4444,-0.05609417,0.76752573
4445,-0.1748164,-0.08174382
4446,-0.080553256,0.8069098
4447,0.06696955,-0.93672407
4448,0.053247366,-0.8987151
4449,0.06764365,-0.93859124
4450,-0.11620082,0.47030652
4451,0.06764365,-0.93859124
4452,-0.15556705,0.110515654
4453,-0.15556705,0.110515654
4454,0.06764365,-0.93859124
4455,-0.06764365,0.93859124
4456,0.06698587,-0.7693296
4457,0.08060116,-0.8070425
4458,-0.05324768,0.898716
4459,-0.12439877,0.4260381
4460,-0.080571376,0.80696
4461,-0.15556705,0.110515654
4462,0.06764365,-0.93859124
4463,-0.1821111,-0.12851422
4464,-0.053764004,0.5429416
4465,0.053247306,-0.89871496
4466,-0.06764365,0.93859124
4467,-0.067332126,0.93772835
4468,0.08689301,-0.7463317
4469,-0.08058787,0.80700564
4470,0.06764365,-0.93859124
4471,-0.13621183,-0.24448748
4472,0.047063455,-0.9211141
4473,0.06698587,-0.7693296
4474,-0.08056073,0.8069305
4475,-0.0806146,0.8070797
4476,-0.053247556,0.8987156
4477,0.06404471,-0.92862254
4478,0.06583159,-0.94469106
4479,0.11620082,-0.47030652
4480,-0.08689301,0.7463317
4481,0.06698268,-0.9367604
4482,0.08056121,-0.8069318
4483,0.053247306,-0.89871496
4484,0.09326281,-0.71928114
4485,-0.05324783,0.8987164
4486,0.08056871,-0.8069526
4487,-0.06764365,0.93859124
4488,0.06764365,-0.93859124
4489,-0.08689301,0.7463317
4490,-0.05324763,0.89871585
4491,-0.05324783,0.8987164
4492,-0.18301791,-0.126046
4493,-0.0007418841,0.761178
4494,-0.06764365,0.93859124
4495,0.053247314,-0.89871496
4496,-0.06764365,0.93859124
4497,-0.068543375,0.9410833
4498,-0.06764365,0.93859124
4499,0.057961173,-0.64209354
4500,0.11620082,-0.47030652
4501,-0.06764365,0.93859124
4502,-0.08055146,0.8069048
4503,-0.06764365,0.93859124
4504,0.0886925,-0.7513161
4505,0.053247318,-0.89871496
4506,-0.12439877,0.4260381
4507,0.06764365,-0.93859124
4508,-0.08689301,0.7463317
4509,0.12440234,-0.42600438
4510,0.15556705,-0.110515654
4511,-0.06764365,0.93859124
4512,-0.15556705,0.110515654
4513,-0.06764365,0.93859124
4514,-0.053247306,0.89871496
4515,-0.11620082,0.47030652
4516,-0.06764365,0.93859124
4517,0.08066518,-0.8072198
4518,0.062212966,-0.9458741
4519,0.093262784,-0.7192811
4520,0.06764365,-0.93859124
4521,0.11620082,-0.47030652
4522,0.06764365,-0.93859124
4523,-0.09326281,0.71928114
4524,0.06764365,-0.93859124
4525,0.024499387,-0.8190864
4526,0.09695145,-0.662566
4527,0.06764365,-0.93859124
4528,-0.15556705,0.110515654
4529,-0.08099811,0.4509374
4530,0.03165767,-0.21380606
4531,-0.08062316,0.8071034
4532,0.18031162,0.13349856
4533,-0.053247828,0.8987164
4534,-0.07253568,0.8851657
4535,-0.06764365,0.93859124
4536,-0.05324743,0.89871526
4537,0.09239533,-0.694553
4538,-0.053247645,0.89871585
4539,0.06699522,-0.9367951
4540,0.15556705,-0.110515654
4541,-0.05597805,0.76861995
4542,-0.06629935,0.94603026
4543,0.12439877,-0.4260381
4544,-0.053764004,0.5429416
4545,0.07255588,-0.88522166
4546,-0.06698587,0.7693296
4547,0.06764365,-0.93859124
4548,0.18301792,0.12604599
4549,0.06698587,-0.7693296
4550,0.053247493,-0.89871544
4551,-0.06698587,0.7693296
4552,0.11620082,-0.47030652
4553,-0.15556705,0.110515654
4554,-0.080556005,0.80691737
4555,-0.06698587,0.7693296
4556,-0.05324783,0.8987164
4557,0.053247835,-0.8987164
4558,-0.06762752,0.9497091
4559,0.06764365,-0.93859124
4560,0.15556705,-0.110515654
4561,-0.06698587,0.7693296
4562,-0.05324769,0.89871603
4563,-0.06171701,0.78310126
4564,-0.121696025,0.4185518
4565,0.1721172,0.08922036
4566,0.0805651,-0.8069426
4567,0.06698587,-0.7693296
4568,-0.15556705,0.110515654
4569,0.06764365,-0.93859124
4570,-0.05540218,0.65910554
4571,0.15556705,-0.110515654
4572,0.050075363,-0.5996567
4573,0.06764365,-0.93859124
4574,-0.055977635,0.7686238
4575,-0.15556705,0.110515654
4576,0.05540218,-0.65910554
4577,-0.07586129,0.883171
4578,0.15556705,-0.110515654
4579,0.11620082,-0.47030652
4580,-0.06764365,0.93859124
4581,-0.11891617,0.4666651
4582,0.08063245,-0.80712914
4583,-0.053247392,0.8987152
4584,0.06698587,-0.7693296
4585,0.06764365,-0.93859124
4586,0.08060564,-0.8070549
4587,-0.0769959,0.7189178
4588,-0.06764365,0.93859124
4589,0.05143223,-0.90485
4590,-0.053247835,0.8987164
4591,-0.06764365,0.93859124
4592,0.080604814,-0.80705255
4593,0.0662024,-0.9457617
4594,0.09695145,-0.662566
4595,-0.0805606,0.8069301
4596,0.1821111,0.12851422
4597,-0.053247835,0.8987164
4598,0.1748164,0.08174382
4599,-0.10546848,0.39592856
4600,0.11620082,-0.47030652
4601,0.09326281,-0.71928114
4602,-0.08060227,0.8070455
4603,-0.05609415,0.7675257
4604,0.06171742,-0.7831016
4605,-0.11620082,0.47030652
4606,-0.03165767,0.21380606
4607,0.08067964,-0.80725986
4608,0.06764365,-0.93859124
4609,0.06764365,-0.93859124
4610,0.053247504,-0.8987155
4611,0.1821111,0.12851422
4612,0.05324741,-0.89871526
4613,-0.06764365,0.93859124
4614,-0.1821111,-0.12851422
4615,0.06770664,-0.95997256
4616,-0.08064274,0.80715764
4617,-0.1821111,-0.12851422
4618,0.053247835,-0.8987164
4619,-0.05324734,0.898715
4620,-0.060217436,0.8430124
4621,0.11620082,-0.47030652
4622,-0.15556705,0.110515654
4623,0.06764365,-0.93859124
4624,-0.061717223,0.7831013
4625,0.07908317,-0.6735592
4626,0.06764365,-0.93859124
4627,-0.08689301,0.7463317
4628,0.05324731,-0.89871496
4629,0.06764365,-0.93859124
4630,-0.15556705,0.110515654
4631,-0.053247333,0.898715
4632,-0.08062763,0.8071158
4633,0.07252195,-0.88512766
4634,-0.15556705,0.110515654
4635,0.11620082,-0.47030652
4636,0.05324783,-0.8987164
4637,0.05324739,-0.8987152
4638,-0.08057767,0.8069774
4639,0.08055509,-0.80691487
4640,0.06763855,-0.96057093
4641,0.053247493,-0.89871544
4642,0.053247333,-0.898715
4643,0.06764365,-0.93859124
4644,-0.095090926,0.7020632
4645,0.11620082,-0.47030652
4646,0.05324783,-0.8987164
4647,-0.15556705,0.110515654
4648,-0.06764365,0.93859124
4649,-0.08055656,0.8069189
4650,-0.11620082,0.47030652
4651,0.09051517,-0.74515843
4652,-0.06622083,0.94581276
4653,-0.06583159,0.94469106
4654,-0.11620082,0.47030652
4655,-0.095090926,0.7020632
4656,-0.06697086,0.9367277
4657,0.053247407,-0.8987152
4658,0.06764365,-0.93859124
4659,0.080586046,-0.8070006
4660,0.06617171,-0.9456767
4661,0.06764365,-0.93859124
4662,0.06764365,-0.93859124
4663,0.06632295,-0.94609565
4664,0.15556705,-0.110515654
4665,-0.06697904,0.93675035
4666,0.1748164,0.08174382
4667,0.06764365,-0.93859124
4668,0.11620082,-0.47030652
4669,0.053764004,-0.5429416
4670,-0.1821111,-0.12851422
4671,-0.06521528,0.54086304
4672,0.0664572,-0.94646746
4673,-0.18031162,-0.13349856
4674,0.08689301,-0.7463317
4675,-0.08689299,0.74633163
4676,0.06698587,-0.7693296
4677,0.053247333,-0.898715
4678,0.02392546,0.7016554
4679,0.06698587,-0.7693296
4680,0.15556705,-0.110515654
4681,-0.06634481,0.94615614
4682,-0.06764365,0.93859124
4683,-0.15556705,0.110515654
4684,0.08057043,-0.80695736
4685,0.053764004,-0.5429416
4686,0.06698587,-0.7693296
4687,-0.15556705,0.110515654
4688,0.1821111,0.12851422
4689,-0.15556705,0.110515654
4690,-0.05324731,0.89871496
4691,0.18301791,0.126046
4692,0.1748164,0.08174382
4693,0.11620082,-0.47030652
4694,-0.15556705,0.110515654
4695,0.080556355,-0.8069184
4696,-0.06764365,0.93859124
4697,-0.06645924,0.9464731
4698,-0.06764365,0.93859124
4699,-0.11620082,0.47030652
4700,-0.1821111,-0.12851422
4701,-0.06764365,0.93859124
4702,-0.08689299,0.74633163
4703,0.16491929,0.109157756
4704,-0.04916735,0.36695555
4705,0.034144074,-0.86635154
4706,0.18301436,0.12601231
4707,-0.053807177,0.54306114
4708,0.15556705,-0.110515654
4709,-0.06646168,0.9464799
4710,-0.080207825,0.80929387
4711,-0.10945009,0.5339288
4712,-0.053247314,0.89871496
4713,0.06697564,-0.9367409
4714,0.06764365,-0.93859124
4715,0.09509096,-0.70206326
4716,-0.0769959,0.7189178
4717,0.08057742,-0.8069767
4718,-0.06672774,0.94721687
4719,-0.06764365,0.93859124
4720,-0.06764365,0.93859124
4721,-0.08689302,0.7463317
4722,0.16063085,0.14848393
4723,-0.06696624,0.9367149
4724,-0.040748283,0.7971181
4725,-0.14917207,0.15977818
4726,0.08055673,-0.8069194
4727,0.05141557,-0.9159665
4728,0.06698587,-0.7693296
4729,0.06694944,-0.93666834
4730,0.06734974,-0.9377771
4731,-0.0661801,0.94569993
4732,-0.08059877,0.80703586
4733,-0.14772552,-0.21437056
4734,0.07253532,-0.88516474
4735,0.15556705,-0.110515654
4736,0.053247556,-0.8987156
4737,-0.051596895,0.6691158
4738,0.053247835,-0.8987164
4739,-0.080623195,0.80710346
4740,-0.06698587,0.7693296
4741,0.1821111,0.12851422
4742,0.11620082,-0.47030652
4743,0.053247828,-0.8987164
4744,-0.11620082,0.47030652
4745,-0.0805472,0.806893
4746,0.08689301,-0.7463317
4747,0.053247347,-0.8987151
4748,0.05324733,-0.898715
4749,-0.08698524,0.74550575
4750,-0.0769959,0.7189178
4751,-0.11620082,0.47030652
4752,-0.06764365,0.93859124
4753,0.11620082,-0.47030652
4754,0.040982407,-0.9098513
4755,0.12439877,-0.4260381
4756,-0.1821111,-0.12851422
4757,-0.05324732,0.89871496
4758,0.15556705,-0.110515654
4759,-0.18031162,-0.13349856
4760,0.06696973,-0.93672454
4761,-0.08061394,0.8070778
4762,0.06764365,-0.93859124
4763,0.11620082,-0.47030652
4764,0.11620082,-0.47030652
4765,0.18031162,0.13349856
4766,0.17753175,0.08538525
4767,-0.15556705,0.110515654
4768,0.040982444,-0.9098514
4769,-0.06764365,0.93859124
4770,-0.08689302,0.7463317
4771,-0.09504867,0.7019462
4772,-0.05324732,0.89871496
4773,-0.1821111,-0.12851422
4774,-0.15556705,0.110515654
4775,-0.08689302,0.7463317
4776,-0.18031162,-0.13349856
4777,0.09326281,-0.71928114
4778,-0.1821111,-0.12851422
4779,-0.053247318,0.89871496
4780,0.066494346,-0.94657034
4781,0.066224456,-0.9458228
4782,0.053247318,-0.89871496
4783,-0.09695145,0.662566
4784,-0.1748164,-0.08174382
4785,0.08058609,-0.8070007
4786,-0.06623007,0.9458384
4787,-0.06764365,0.93859124
4788,0.08540203,-0.49150062
4789,0.06764365,-0.93859124
4790,-0.053764004,0.5429416
4791,-0.1748164,-0.08174382
4792,0.17939928,0.12486304
4793,-0.035980288,0.8491123
4794,0.18301435,0.12601231
4795,0.11620082,-0.47030652
4796,-0.1821111,-0.12851422
4797,-0.06764365,0.93859124
4798,0.063431226,-0.93808585
4799,0.06764365,-0.93859124
4800,0.09695145,-0.662566
4801,0.05324732,-0.89871496
4802,-0.08065072,0.8071797
4803,-0.046508193,0.9263445
4804,0.08689301,-0.7463317
4805,-0.1821111,-0.12851422
4806,0.08055044,-0.806902
4807,-0.06764365,0.93859124
4808,-0.053247333,0.898715
4809,-0.08056995,0.806956
4810,-0.080547266,0.80689317
4811,-0.06698587,0.7693296
4812,0.047063313,-0.9211139
4813,0.06953991,-0.8768678
4814,-0.095090926,0.7020632
4815,-0.05143223,0.90485
4816,-0.06764365,0.93859124
4817,-0.08059368,0.80702174
4818,0.06764365,-0.93859124
4819,-0.12439877,0.4260381
4820,0.08059181,-0.80701655
4821,0.18031162,0.13349856
4822,0.121696025,-0.4185518
4823,-0.06698587,0.7693296
4824,0.040982455,-0.9098514
4825,0.08698434,-0.7455143
4826,-0.072526276,0.8851397
4827,0.06764365,-0.93859124
4828,0.05324771,-0.89871603
4829,-0.15556705,0.110515654
4830,-0.07484511,0.3334305
4831,-0.06764365,0.93859124
4832,0.1721172,0.08922036
4833,-0.06764365,0.93859124
4834,0.11620082,-0.47030652
4835,-0.1821111,-0.12851422
4836,-0.050633904,0.71109897
4837,0.050075363,-0.5996567
4838,-0.040982425,0.9098513
4839,-0.15556705,0.110515654
4840,0.06764365,-0.93859124
4841,-0.0617174,0.7831016
4842,0.06764365,-0.93859124
4843,0.05324734,-0.898715
4844,0.06698587,-0.7693296
4845,-0.15556705,0.110515654
4846,0.05324734,-0.898715
4847,-0.053247377,0.89871514
4848,0.05324731,-0.89871496
4849,-0.08063006,0.8071225
4850,0.15556705,-0.110515654
4851,0.06764365,-0.93859124
4852,0.06770705,-0.9599687
4853,0.06764365,-0.93859124
4854,-0.086892985,0.74633163
4855,0.13767764,0.11973803
4856,-0.06404471,0.92862254
4857,0.066239975,-0.9458658
4858,0.06698587,-0.7693296
4859,0.080562994,-0.80693674
4860,0.062216483,-0.9458838
4861,-0.08056229,0.80693483
4862,-0.053247824,0.8987164
4863,-0.053247724,0.8987161
4864,0.08056434,-0.8069405
4865,-0.08058712,0.80700356
4866,0.07774143,-0.83256555
4867,-0.11620082,0.47030652
4868,0.053247392,-0.8987152
4869,0.08055022,-0.80690134
4870,-0.06647716,0.9465228
4871,0.17939928,0.12486304
4872,0.06635942,-0.9461966
4873,-0.11620082,0.47030652
4874,-0.06698587,0.7693296
4875,-0.07223912,0.8843442
4876,-0.06764365,0.93859124
4877,-0.08058878,0.80700815
4878,-0.053247344,0.898715
4879,0.06499682,-0.9525959
4880,-0.053247306,0.89871496
4881,-0.07254995,0.88520527
4882,0.06404471,-0.92862254
4883,-0.08056195,0.8069339
4884,0.17753175,0.08538525
4885,-0.06764365,0.93859124
4886,0.10630369,-0.44289267
4887,-0.06698587,0.7693296
4888,-0.123495504,0.42353615
4889,-0.06764365,0.93859124
4890,0.05324733,-0.898715
4891,-0.06764365,0.93859124
4892,-0.05324735,0.8987151
4893,0.05380716,-0.5430611
4894,-0.046167977,0.92954415
4895,-0.069973424,0.53025186
4896,0.1721172,0.08922036
4897,-0.06764365,0.93859124
4898,-0.06764365,0.93859124
4899,-0.15556705,0.110515654
4900,0.06764365,-0.93859124
4901,-0.053764004,0.5429416
4902,0.11620082,-0.47030652
4903,0.15556705,-0.110515654
4904,0.11620082,-0.47030652
4905,-0.06764365,0.93859124
4906,-0.0806774,0.80725366
4907,-0.08066096,0.8072081
4908,-0.06764365,0.93859124
4909,0.095090866,-0.7020631
4910,-0.05143223,0.90485
4911,0.05540218,-0.65910554
4912,0.0769959,-0.7189178
4913,-0.1821111,-0.12851422
4914,0.053247306,-0.89871496
4915,-0.06583159,0.94469106
4916,0.06698587,-0.7693296
4917,0.15556705,-0.110515654
4918,0.08419381,-0.7388552
4919,0.08057038,-0.8069572
4920,-0.066197656,0.94574857
4921,0.13621183,0.24448748
4922,-0.12440234,0.42600438
4923,-0.087808885,0.73770595
4924,-0.08099811,0.4509374
4925,0.10630369,-0.4428926
4926,-0.08419346,0.7388542
4927,-0.08689302,0.7463317
4928,0.1748164,0.08174382
4929,0.053247496,-0.8987155
4930,0.06764365,-0.93859124
4931,-0.06698587,0.7693296
4932,0.053807177,-0.54306114
4933,0.07171085,-0.6889769
4934,-0.08689299,0.74633163
4935,0.080592714,-0.80701905
4936,0.053247664,-0.8987159
4937,-0.053247377,0.89871514
4938,0.0769959,-0.7189178
4939,-0.06698587,0.7693296
4940,0.11620082,-0.47030652
4941,0.0886925,-0.7513161
4942,0.053247392,-0.8987152
4943,-0.18031162,-0.13349856
4944,-0.1748164,-0.08174382
4945,0.052436702,-0.66259
4946,-0.06764365,0.93859124
4947,0.16491929,0.109157756
4948,-0.024499401,0.81908643
4949,0.08689301,-0.7463317
4950,0.053807188,-0.5430612
4951,-0.18031162,-0.13349856
4952,-0.11453393,-0.24871962
4953,0.18301791,0.126046
4954,-0.06698587,0.7693296
4955,0.06764365,-0.93859124
4956,0.18301791,0.126046
4957,0.09695145,-0.662566
4958,-0.08058501,0.8069977
4959,0.09695145,-0.662566
4960,0.06698587,-0.7693296
4961,-0.15556705,0.110515654
4962,-0.0805861,0.80700076
4963,0.06698587,-0.7693296
4964,-0.080549315,0.80689883
4965,-0.06694366,0.9366523
4966,0.095090926,-0.7020632
4967,0.08273031,-0.81847763
4968,0.053247817,-0.89871633
4969,0.066976346,-0.9367429
4970,-0.065828055,0.9447248
4971,-0.08689302,0.7463317
4972,-0.053764004,0.5429416
4973,-0.08689299,0.74633163
4974,0.053677022,-0.9166056
4975,-0.06764365,0.93859124
4976,0.06764365,-0.93859124
4977,-0.06698587,0.7693296
4978,0.05324734,-0.898715
4979,0.053247355,-0.8987151
4980,-0.11620082,0.47030652
4981,-0.0769959,0.7189178
4982,-0.05324783,0.8987164
4983,-0.045463867,0.69115764
4984,-0.06698587,0.7693296
4985,-0.1821111,-0.12851422
4986,0.11620082,-0.47030652
4987,-0.09695145,0.662566
4988,-0.05324732,0.89871496
4989,0.14642447,-0.18565556
4990,-0.05324765,0.8987159
4991,-0.06698587,0.7693296
4992,0.06698587,-0.7693296
4993,0.06764365,-0.93859124
4994,-0.15556705,0.110515654
4995,0.11620082,-0.47030652
4996,-0.08056911,0.80695367
4997,0.11620082,-0.47030652
4998,-0.06764365,0.93859124
4999,0.15556705,-0.110515654
5000,0.16491929,0.109157756
5001,-0.06764365,0.93859124
5002,0.09326281,-0.71928114
5003,-0.06764365,0.93859124
5004,0.11620082,-0.47030652
5005,0.053247392,-0.8987152
5006,0.080585934,-0.8070003
5007,-0.053247314,0.89871496
5008,-0.053247314,0.89871496
5009,-0.18031162,-0.13349856
5010,-0.053247828,0.8987164
5011,0.1748164,0.08174382
5012,-0.06764365,0.93859124
5013,0.080584876,-0.80699736
5014,0.06698587,-0.7693296
5015,-0.06699543,0.9367957
5016,-0.12440234,0.42600438
5017,0.06764365,-0.93859124
5018,0.062216483,-0.9458838
5019,-0.09326281,0.71928114
5020,0.06764365,-0.93859124
5021,0.06171742,-0.7831016
5022,0.11620082,-0.47030652
5023,-0.11620082,0.47030652
5024,0.06674391,-0.93609905
5025,-0.11620082,0.47030652
5026,0.080626,-0.80711126
5027,-0.08419381,0.7388552
5028,0.09695145,-0.662566
5029,-0.06764365,0.93859124
5030,0.12440234,-0.42600438
5031,-0.15556705,0.110515654
5032,0.0769959,-0.7189178
5033,0.053247306,-0.89871496
5034,0.06583158,-0.94469106
5035,0.11620082,-0.47030652
5036,0.11620082,-0.47030652
5037,-0.06764365,0.93859124
5038,0.06764365,-0.93859124
5039,-0.15556705,0.110515654
5040,-0.06695442,0.9366821
5041,0.062216483,-0.9458838
5042,0.1821111,0.12851422
5043,-0.08056448,0.80694085
5044,-0.06695761,0.936691
5045,0.023922443,0.7016637
5046,-0.019859515,0.6429811
5047,-0.06698587,0.7693296
5048,0.06700104,-0.93681127
5049,0.06764365,-0.93859124
5050,0.080624245,-0.80710644
5051,0.06764365,-0.93859124
5052,-0.1821111,-0.12851422
5053,0.06644534,-0.9464346
5054,0.12078369,-0.42718732
5055,-0.080642134,0.80715597
5056,-0.11453393,-0.24871962
5057,0.17753175,0.08538525
5058,0.11620082,-0.47030652
5059,0.033489406,-0.19655448
5060,-0.08060159,0.8070437
5061,-0.06764365,0.93859124
5062,0.18031162,0.13349856
5063,-0.15556705,0.110515654
5064,-0.06764365,0.93859124
5065,0.08063345,-0.8071319
5066,0.11620082,-0.47030652
5067,0.1811862,0.10879445
5068,0.1821111,0.12851422
5069,-0.05324783,0.8987164
5070,0.08689302,-0.7463317
5071,-0.12439877,0.4260381
5072,0.08054902,-0.806898
5073,-0.11620082,0.47030652
5074,-0.06764365,0.93859124
5075,0.08056533,-0.80694324
5076,0.08689301,-0.7463317
5077,-0.06404471,0.92862254
5078,-0.06764365,0.93859124
5079,0.014135763,0.64509535
5080,-0.08064523,0.80716455
5081,0.08056986,-0.80695575
5082,0.033657648,-0.8611544
5083,0.06764365,-0.93859124
5084,0.14917207,-0.15977818
5085,0.06698587,-0.7693296
5086,-0.06623844,0.9458615
5087,-0.18301435,-0.12601231
5088,0.06764365,-0.93859124
5089,0.014135763,0.64509535
5090,-0.06764365,0.93859124
5091,-0.08055154,0.80690503
5092,0.1748164,0.08174382
5093,-0.06764365,0.93859124
5094,0.06698587,-0.7693296
5095,0.066504665,-0.94659895
5096,-0.062111236,0.6776889
5097,-0.080560684,0.80693036
5098,0.1748164,0.08174382
5099,0.046353426,-0.92779946
5100,-0.053247355,0.8987151
5101,0.11620082,-0.47030652
5102,-0.06764365,0.93859124
5103,-0.1821111,-0.12851422
5104,0.08780889,-0.73770595
5105,-0.06764365,0.93859124
5106,0.1748164,0.08174382
5107,0.06764365,-0.93859124
5108,-0.086892985,0.74633163
5109,-0.095090866,0.7020631
5110,-0.06764365,0.93859124
5111,0.06698587,-0.7693296
5112,0.06764365,-0.93859124
5113,-0.06764365,0.93859124
5114,0.053247526,-0.89871556
5115,-0.06633088,0.9461176
5116,-0.08058727,0.807004
5117,0.023922466,0.7016636
5118,0.085401975,-0.49150056
5119,0.0886925,-0.7513161
5120,0.15556705,-0.110515654
5121,-0.053247835,0.8987164
5122,0.06764365,-0.93859124
5123,-0.065380536,0.748598
5124,0.15556705,-0.110515654
5125,-0.06698587,0.7693296
5126,-0.07315499,0.87571853
5127,0.14917207,-0.15977818
5128,-0.11620082,0.47030652
5129,-0.066186085,0.94571656
5130,0.06764365,-0.93859124
5131,0.08780889,-0.73770595
5132,-0.053764004,0.5429416
5133,-0.11620082,0.47030652
5134,-0.08057163,0.80696064
5135,-0.080549784,0.80690014
5136,0.06764365,-0.93859124
5137,0.053247325,-0.898715
5138,-0.06698587,0.7693296
5139,-0.06764365,0.93859124
5140,0.1748164,0.08174382
5141,0.06698587,-0.7693296
5142,-0.053247318,0.89871496
5143,0.080555424,-0.80691576
5144,0.06764365,-0.93859124
5145,-0.06764365,0.93859124
5146,0.06764365,-0.93859124
5147,-0.06764365,0.93859124
5148,-0.032376826,0.87200075
5149,0.06764365,-0.93859124
5150,0.050075363,-0.5996567
5151,0.06698587,-0.7693296
5152,-0.11620082,0.47030652
5153,-0.08689301,0.7463317
5154,0.053247824,-0.8987164
5155,0.08293061,-0.5833099
5156,-0.029737877,0.7585871
5157,0.06655966,-0.9467513
5158,0.06764365,-0.93859124
5159,-0.1748164,-0.08174382
5160,-0.088692464,0.751316
5161,-0.1821111,-0.12851422
5162,-0.05609417,0.76752573
5163,-0.053247377,0.89871514
5164,0.08060169,-0.8070439
5165,-0.06696807,0.93671995
5166,-0.15556705,0.110515654
5167,-0.06698587,0.7693296
5168,-0.18301435,-0.12601231
5169,0.09695145,-0.662566
5170,0.053247824,-0.8987164
5171,-0.053247347,0.8987151
5172,-0.11620082,0.47030652
5173,0.053247355,-0.8987151
5174,0.057137646,-0.8262299
5175,-0.08056276,0.8069361
5176,0.11620082,-0.47030652
5177,-0.08058005,0.806984
5178,-0.07392924,0.3420563
5179,-0.08689301,0.7463317
5180,0.12343128,-0.42335826
5181,-0.13621183,-0.24448748
5182,0.11620082,-0.47030652
5183,0.08063896,-0.80714715
5184,-0.05169031,0.72696257
5185,0.06696233,-0.93670404
5186,-0.086892985,0.74633163
5187,0.033489406,-0.19655448
5188,0.1821111,0.12851422
5189,0.095090926,-0.7020632
5190,-0.095090926,0.7020632
5191,-0.08056265,0.8069358
5192,0.12439877,-0.4260381
5193,-0.05324734,0.898715
5194,-0.06764365,0.93859124
5195,0.07484511,-0.3334305
5196,0.092388235,-0.694577
5197,-0.08055944,0.8069269
5198,0.03928133,-0.87673116
5199,-0.11620082,0.47030652
5200,-0.066324785,0.9461007
5201,0.121696025,-0.4185518
5202,-0.053247314,0.89871496
5203,-0.053247374,0.89871514
5204,-0.05324736,0.8987151
5205,0.053247318,-0.89871496
5206,-0.06698587,0.7693296
5207,0.06698587,-0.7693296
5208,-0.08055135,0.8069045
5209,0.04098241,-0.9098513
5210,0.1821111,0.12851422
5211,0.06617204,-0.94567764
5212,-0.18031162,-0.13349856
5213,-0.09695145,0.662566
5214,-0.06698587,0.7693296
5215,0.08055396,-0.8069117
5216,0.18301435,0.12601231
5217,0.06698587,-0.7693296
5218,0.06633367,-0.9461253
5219,-0.05540218,0.65910554
5220,0.01665197,-0.77714247
5221,-0.06764365,0.93859124
5222,0.07255515,-0.88521963
5223,0.04370556,-0.6267072
5224,0.11620082,-0.47030652
5225,0.053247835,-0.8987164
5226,0.06764365,-0.93859124
5227,0.03165767,-0.21380606
5228,0.053764004,-0.5429416
5229,-0.06698406,0.93676424
5230,0.08063829,-0.8071453
5231,0.09326281,-0.71928114
5232,0.09695145,-0.662566
5233,0.16491929,0.109157756
5234,-0.06639737,0.94630176
5235,-0.086893,0.7463317
5236,0.08055965,-0.8069275
5237,0.15556705,-0.110515654
5238,-0.08055899,0.80692565
5239,-0.06764365,0.93859124
5240,-0.11620082,0.47030652
5241,-0.05324783,0.8987164
5242,-0.053247437,0.8987153
5243,0.06638531,-0.9462684
5244,-0.0769959,0.7189178
5245,0.07255002,-0.88520545
5246,-0.09695145,0.662566
5247,0.15556705,-0.110515654
5248,-0.06764365,0.93859124
5249,0.06764365,-0.93859124
5250,-0.06764365,0.93859124
5251,0.06764365,-0.93859124
5252,0.08689301,-0.7463317
5253,0.06764365,-0.93859124
5254,0.06764365,-0.93859124
5255,0.053247306,-0.89871496
5256,-0.06633717,0.946135
5257,0.15556705,-0.110515654
5258,-0.1821111,-0.12851422
5259,-0.09695145,0.662566
5260,-0.08058488,0.80699736
5261,-0.066988975,0.93677783
5262,0.023556467,-0.8164746
5263,0.12170312,-0.41852784
5264,-0.066949345,0.9366681
5265,0.1821111,0.12851422
5266,-0.053247318,0.89871496
5267,-0.06764365,0.93859124
5268,-0.06764365,0.93859124
5269,-0.06698587,0.7693296
5270,-0.057961237,0.64209366
5271,0.07407086,-0.8670927
5272,-0.080564536,0.80694103
5273,-0.06764365,0.93859124
5274,0.09695145,-0.662566
5275,-0.06764365,0.93859124
5276,0.18301435,0.12601231
5277,-0.08056205,0.8069341
5278,0.08055562,-0.8069163
5279,0.066315785,-0.9460758
5280,-0.053764004,0.5429416
5281,-0.13965,0.10313162
5282,-0.053247835,0.8987164
5283,-0.1821111,-0.12851422
5284,-0.06764365,0.93859124
5285,0.11620082,-0.47030652
5286,0.06764365,-0.93859124
5287,0.06764365,-0.93859124
5288,0.1821111,0.12851422
5289,0.18301435,0.12601231
5290,0.06764365,-0.93859124
5291,-0.05141557,0.9159665
5292,0.11982298,-0.46913326
5293,-0.053247835,0.8987164
5294,-0.0805689,0.80695313
5295,-0.15556705,0.110515654
5296,0.1821111,0.12851422
5297,-0.06764365,0.93859124
5298,0.06764365,-0.93859124
5299,-0.053247828,0.8987164
5300,0.086985275,-0.7455054
5301,-0.06764365,0.93859124
5302,-0.06698587,0.7693296
5303,0.08689302,-0.7463317
5304,-0.06698587,0.7693296
5305,0.06764365,-0.93859124
5306,0.05324732,-0.89871496
5307,0.06652769,-0.9466627
5308,0.06764365,-0.93859124
5309,0.08056938,-0.80695444
5310,-0.080611475,0.80707103
5311,0.06764365,-0.93859124
5312,0.06764365,-0.93859124
5313,0.06698587,-0.7693296
5314,-0.05324731,0.89871496
5315,-0.05380716,0.5430611
5316,-0.06764365,0.93859124
5317,0.11620082,-0.47030652
5318,-0.053247817,0.89871633
5319,-0.08055862,0.80692464
5320,0.06639716,-0.94630116
5321,-0.1821111,-0.12851422
5322,-0.15556705,0.110515654
5323,0.06698587,-0.7693296
5324,0.066493906,-0.94656914
5325,0.06697917,-0.9367507
5326,-0.08689301,0.7463317
5327,-0.06764365,0.93859124
5328,0.06764365,-0.93859124
5329,0.053247835,-0.8987164
5330,0.05324731,-0.89871496
5331,0.06764365,-0.93859124
5332,-0.07525596,-0.3431362
5333,0.06698587,-0.7693296
5334,0.09326281,-0.7192811
5335,-0.066970736,0.93672734
5336,-0.040982462,0.9098514
5337,0.053247318,-0.89871496
5338,-0.1766159,-0.07675947
5339,-0.06764365,0.93859124
5340,0.053764004,-0.5429416
5341,-0.06764365,0.93859124
5342,-0.08064831,0.8071731
5343,0.05324733,-0.898715
5344,0.06499375,-0.9526249
5345,-0.087808885,0.73770595
5346,-0.11620082,0.47030652
5347,0.06764365,-0.93859124
5348,0.15556705,-0.110515654
5349,-0.08062672,0.80711323
5350,-0.06698587,0.7693296
5351,-0.1748164,-0.08174382
5352,0.095090926,-0.7020632
5353,-0.053807165,0.5430611
5354,-0.08056927,0.8069541
5355,0.08055566,-0.8069164
5356,-0.06698587,0.7693296
5357,0.080576204,-0.80697334
5358,0.062216483,-0.9458838
5359,0.066978365,-0.93674845
5360,0.06619686,-0.94574636
5361,-0.06764365,0.93859124
5362,0.12440234,-0.4260044
5363,-0.06629679,0.94602317
5364,-0.08056199,0.80693394
5365,-0.06764365,0.93859124
5366,-0.053807177,0.54306114
5367,-0.18301435,-0.12601231
5368,0.08060325,-0.80704826
5369,0.09695145,-0.662566
5370,-0.11620082,0.47030652
5371,-0.080142066,0.80995613
5372,-0.06764365,0.93859124
5373,-0.15556705,0.110515654
5374,-0.06764365,0.93859124
5375,-0.17753175,-0.08538525
5376,-0.06764365,0.93859124
5377,-0.06764365,0.93859124
5378,-0.06764365,0.93859124
5379,0.08689302,-0.7463317
5380,-0.06764365,0.93859124
5381,-0.06698587,0.7693296
5382,0.0662734,-0.9459584
5383,-0.07677359,0.874579
5384,0.06764365,-0.93859124
5385,-0.05324752,0.8987155
5386,0.06698587,-0.7693296
5387,0.06658056,-0.9468092
5388,-0.15556705,0.110515654
5389,-0.10546848,0.39592856
5390,-0.18031162,-0.13349856
5391,-0.1821111,-0.12851422
5392,-0.06764365,0.93859124
5393,0.08694074,-0.7459248
5394,-0.1560258,-0.10511497
5395,0.12439866,-0.4260379
5396,-0.06764365,0.93859124
5397,-0.11620082,0.47030652
5398,0.06764365,-0.93859124
5399,-0.08689302,0.7463317
5400,-0.05143223,0.90485
5401,-0.053247593,0.89871573
5402,0.07586129,-0.8831711
5403,-0.1821111,-0.12851422
5404,-0.15556705,0.110515654
5405,-0.18301435,-0.12601231
5406,-0.08065724,0.8071978
5407,0.06764365,-0.93859124
5408,0.06698587,-0.7693296
5409,0.1748164,0.08174382
5410,-0.15556705,0.110515654
5411,0.06618016,-0.9457001
5412,-0.08689301,0.7463317
5413,-0.062216483,0.9458838
5414,0.04029665,-0.7769252
5415,0.08689302,-0.7463317
5416,0.1766159,0.07675947
5417,-0.065828055,0.9447248
5418,-0.04706345,0.9211141
5419,0.11453393,0.24871962
5420,0.06698587,-0.7693296
5421,0.06764365,-0.93859124
5422,-0.05540218,0.65910554
5423,0.1821111,0.12851422
5424,-0.0805852,0.80699825
5425,0.05540218,-0.65910554
5426,0.08061057,-0.8070685
5427,0.05324742,-0.89871526
5428,-0.08062419,0.80710626
5429,-0.08689302,0.7463317
5430,-0.06764365,0.93859124
5431,0.15556705,-0.110515654
5432,-0.05324733,0.898715
5433,-0.053247333,0.898715
5434,0.06770712,-0.95996815
5435,0.0769959,-0.7189178
5436,-0.0769959,0.7189178
5437,0.06698587,-0.7693296
5438,0.12439877,-0.4260381
5439,0.06764365,-0.93859124
5440,0.06633023,-0.9461158
5441,-0.08689299,0.74633163
5442,-0.06764365,0.93859124
5443,0.06764365,-0.93859124
5444,0.023556467,-0.8164746
5445,-0.12440234,0.42600438
5446,0.15556705,-0.110515654
5447,0.06764365,-0.93859124
5448,-0.06698587,0.7693296
5449,0.06764365,-0.93859124
5450,0.072540574,-0.8851793
5451,-0.086892985,0.74633163
5452,-0.08060209,0.80704504
5453,0.1721172,0.08922036
5454,0.08689301,-0.7463317
5455,-0.095090926,0.7020632
5456,0.07774143,-0.83256555
5457,-0.062216483,0.9458838
5458,-0.06698587,0.7693296
5459,-0.09326281,0.71928114
5460,-0.03928133,0.87673116
5461,0.06734817,-0.93777275
5462,0.06764365,-0.93859124
5463,-0.06764365,0.93859124
5464,0.06764365,-0.93859124
5465,-0.06764365,0.93859124
5466,0.08689302,-0.7463317
5467,-0.053247835,0.8987164
5468,0.053764004,-0.5429416
5469,0.033657156,-0.8611537
5470,0.12078369,-0.42718732
5471,-0.05832515,0.9206771
5472,-0.08065702,0.8071972
5473,-0.080555595,0.80691624
5474,0.06764365,-0.93859124
5475,0.050634243,-0.7110984
5476,-0.055402275,0.65910465
5477,-0.11620082,0.47030652
5478,-0.1748164,-0.08174382
5479,-0.15556705,0.110515654
5480,0.08689301,-0.7463317
5481,-0.06764365,0.93859124
5482,0.05324733,-0.898715
5483,0.15556705,-0.110515654
5484,0.080557264,-0.8069209
5485,0.06764365,-0.93859124
5486,0.06665965,-0.9470282
5487,-0.15556705,0.110515654
5488,-0.08056377,0.8069389
5489,0.06764365,-0.93859124
5490,-0.06698587,0.7693296
5491,-0.06764365,0.93859124
5492,0.06618072,-0.94570166
5493,-0.0769959,0.7189178
5494,-0.06764365,0.93859124
5495,0.08689301,-0.7463317
5496,-0.08689301,0.7463317
5497,-0.06764365,0.93859124
5498,-0.05324732,0.89871496
5499,0.06738718,-0.36681128
5500,0.11620082,-0.47030652
5501,0.053247314,-0.89871496
5502,0.06764365,-0.93859124
5503,0.080579564,-0.80698264
5504,-0.053247828,0.8987164
5505,0.095090926,-0.7020632
5506,-0.06674391,0.93609905
5507,0.06698587,-0.7693296
5508,-0.12439877,0.4260381
5509,-0.04916735,0.36695555
5510,0.080566846,-0.8069474
5511,0.06698587,-0.7693296
5512,0.08689301,-0.7463317
5513,0.053247493,-0.89871544
5514,-0.08689302,0.7463317
5515,0.18301792,0.12604599
5516,0.088692464,-0.751316
5517,0.06674391,-0.93609905
5518,-0.07484511,0.3334305
5519,-0.06627937,0.9459749
5520,-0.08689302,0.7463317
5521,-0.08054825,0.8068959
5522,-0.095090866,0.7020631
5523,-0.1748164,-0.08174382
5524,-0.14917207,0.15977818
5525,-0.15556705,0.110515654
5526,0.06698587,-0.7693296
5527,0.06764365,-0.93859124
5528,-0.06764365,0.93859124
5529,0.023556467,-0.8164746
5530,0.023922443,0.7016637
5531,-0.12440234,0.42600438
5532,0.03165767,-0.21380606
5533,-0.036178682,0.8092739
5534,0.11620082,-0.47030652
5535,0.039641004,-0.81460154
5536,-0.06698587,0.7693296
5537,-0.1721172,-0.08922036
5538,0.0479794,-0.91248846
5539,-0.06694696,0.9366615
5540,-0.08689302,0.7463317
5541,0.08060304,-0.80704767
5542,0.03165767,-0.21380606
5543,-0.08055011,0.80690104
5544,0.06698587,-0.7693296
5545,-0.06637094,0.94622856
5546,0.095090866,-0.7020631
5547,-0.06764365,0.93859124
5548,-0.080547884,0.8068949
5549,-0.080547646,0.80689424
5550,-0.053247835,0.8987164
5551,-0.053247828,0.8987164
5552,-0.0886925,0.7513161
5553,0.06764365,-0.93859124
5554,0.11620082,-0.47030652
5555,-0.08056022,0.80692905
5556,-0.15556705,0.110515654
5557,-0.06764365,0.93859124
5558,0.06764365,-0.93859124
5559,-0.12261191,0.409926
5560,-0.04706337,0.92111397
5561,-0.06672779,0.947217
5562,0.11620082,-0.47030652
5563,0.053247828,-0.8987164
5564,0.062212966,-0.9458741
5565,-0.10630369,0.44289267
5566,0.06764365,-0.93859124
5567,-0.06764365,0.93859124
5568,0.11620082,-0.47030652
5569,-0.053247377,0.89871514
5570,0.08057672,-0.80697477
5571,0.053247333,-0.898715
5572,0.06764365,-0.93859124
5573,-0.06695725,0.93669
5574,0.08044064,-0.8400421
5575,-0.11620082,0.47030652
5576,-0.08780889,0.73770595
5577,0.080621295,-0.8070982
5578,0.16491929,0.109157756
5579,-0.12261191,0.409926
5580,-0.082927,0.58334386
5581,-0.06764365,0.93859124
5582,-0.06698587,0.7693296
5583,0.06764365,-0.93859124
5584,0.10869095,-0.04760632
5585,0.1748164,0.08174382
5586,-0.053247318,0.89871496
5587,-0.03165767,0.21380606
5588,-0.11620082,0.47030652
5589,0.0932628,-0.7192811
5590,0.080555595,-0.80691624
5591,-0.06764365,0.93859124
5592,-0.08057783,0.8069778
5593,-0.06618219,0.9457057
5594,-0.061717246,0.7831013
5595,0.06763991,-0.9605582
5596,0.053247835,-0.8987164
5597,-0.08061569,0.8070827
5598,-0.06700093,0.936811
5599,-0.11620082,0.47030652
5600,-0.1821111,-0.12851422
5601,-0.15556705,0.110515654
5602,0.053247306,-0.89871496
5603,0.11620082,-0.47030652
5604,0.05324781,-0.89871633
5605,0.15556705,-0.110515654
5606,0.06636573,-0.9462141
5607,0.06764365,-0.93859124
5608,0.15556705,-0.110515654
5609,0.14332557,0.16896997
5610,-0.09695145,0.662566
5611,-0.065828055,0.9447248
5612,-0.13621183,-0.24448748
5613,-0.06764365,0.93859124
5614,0.06698587,-0.7693296
5615,-0.15556705,0.110515654
5616,-0.06698587,0.7693296
5617,0.053247318,-0.89871496
5618,-0.06953991,0.8768678
5619,0.08689299,-0.7463317
5620,0.08689301,-0.7463317
5621,0.08780889,-0.73770595
5622,-0.06698587,0.7693296
5623,0.11620082,-0.47030652
5624,0.11620082,-0.47030652
5625,0.15556705,-0.110515654
5626,0.06698031,-0.93675387
5627,0.08056305,-0.8069369
5628,-0.09741021,0.44693547
5629,-0.06764365,0.93859124
5630,0.03964115,-0.81460196
5631,0.09326281,-0.71928114
5632,-0.18301436,-0.12601231
5633,0.11620082,-0.47030652
5634,-0.06627372,0.94595927
5635,-0.06698132,0.9367567
5636,0.095090926,-0.7020632
5637,-0.17753175,-0.08538525
5638,0.095090926,-0.7020632
5639,-0.05324781,0.89871633
5640,-0.11453393,-0.24871962
5641,-0.03365776,0.86115456
5642,0.08689301,-0.7463317
5643,-0.08058522,0.8069983
5644,0.12439877,-0.4260381
5645,0.06764365,-0.93859124
5646,0.08061738,-0.8070874
5647,0.06697211,-0.9367311
5648,-0.0532477,0.89871603
5649,0.08689301,-0.7463317
5650,0.0805922,-0.8070176
5651,0.08059599,-0.8070281
5652,0.08060555,-0.80705464
5653,-0.06764365,0.93859124
5654,-0.066318326,0.94608283
5655,-0.053247835,0.8987164
5656,0.08063643,-0.8071401
5657,-0.08689302,0.7463317
5658,0.05380718,-0.54306114
5659,0.18031162,0.13349856
5660,0.05324755,-0.8987156
5661,0.18301791,0.126046
5662,0.053247306,-0.89871496
5663,-0.05796121,0.64209366
5664,0.05324734,-0.898715
5665,-0.06622117,0.9458137
5666,-0.1748164,-0.08174382
5667,0.05324783,-0.8987164
5668,-0.053247754,0.89871615
5669,-0.15556705,0.110515654
5670,-0.09326281,0.7192811
5671,-0.07407087,0.8670927
5672,0.09695145,-0.662566
5673,-0.06615822,0.9456394
5674,-0.10979326,0.53069675
5675,-0.06672778,0.947217
5676,-0.11620082,0.47030652
5677,-0.06764365,0.93859124
5678,-0.1748164,-0.08174382
5679,-0.06633704,0.9461346
5680,-0.0886925,0.7513161
5681,-0.109449945,0.5339302
5682,0.06698045,-0.9367542
5683,-0.08689302,0.7463317
5684,-0.08058561,0.8069994
5685,-0.05324732,0.89871496
5686,-0.06764365,0.93859124
5687,-0.06698587,0.7693296
5688,0.06633393,-0.94612604
5689,-0.15556705,0.110515654
5690,-0.06764365,0.93859124
5691,-0.028487988,0.8729691
5692,-0.080590904,0.80701405
5693,-0.06764365,0.93859124
5694,0.06764365,-0.93859124
5695,-0.10045949,0.41822046
5696,-0.06764365,0.93859124
5697,-0.06764365,0.93859124
5698,0.11620082,-0.47030652
5699,-0.12078369,0.42718732
5700,-0.080653824,0.80718833
5701,-0.06764365,0.93859124
5702,-0.11620082,0.47030652
5703,0.06764365,-0.93859124
5704,0.056094233,-0.7675258
5705,-0.066959634,0.9366966
5706,0.053247347,-0.8987151
5707,-0.06698587,0.7693296
5708,0.07586129,-0.883171
5709,-0.06171701,0.78310126
5710,-0.12439877,0.4260381
5711,-0.1748164,-0.08174382
5712,0.09695145,-0.662566
5713,0.02449939,-0.8190864
5714,-0.06764365,0.93859124
5715,0.08060997,-0.80706686
5716,0.1821111,0.12851422
5717,0.08692846,-0.7459976
5718,0.05540218,-0.65910554
5719,0.1821111,0.12851422
5720,0.1748164,0.08174382
5721,0.121696025,-0.4185518
5722,-0.06764365,0.93859124
5723,0.1748164,0.08174382
5724,0.072534524,-0.88516253
5725,0.06764365,-0.93859124
5726,0.15556705,-0.110515654
5727,-0.053247835,0.8987164
5728,0.06764365,-0.93859124
5729,0.06764365,-0.93859124
5730,-0.0932628,0.7192811
5731,0.11620082,-0.47030652
5732,-0.06764365,0.93859124
5733,-0.11620082,0.47030652
5734,-0.13621183,-0.24448748
5735,0.11620082,-0.47030652
5736,-0.15556705,0.110515654
5737,0.11620082,-0.47030652
5738,0.053247318,-0.89871496
5739,-0.15556705,0.110515654
5740,-0.12439877,0.4260381
5741,0.08055857,-0.8069245
5742,-0.06764365,0.93859124
5743,-0.11620082,0.47030652
5744,0.06698587,-0.7693296
5745,0.06764365,-0.93859124
5746,0.0886925,-0.7513161
5747,0.053247835,-0.8987164
5748,0.06764365,-0.93859124
5749,-0.06764365,0.93859124
5750,-0.10630369,0.4428926
5751,-0.06764365,0.93859124
5752,-0.05367695,0.91660535
5753,0.06764365,-0.93859124
5754,0.0769959,-0.7189178
5755,-0.06698587,0.7693296
5756,-0.11620082,0.47030652
5757,-0.0769959,0.7189178
5758,-0.053247828,0.8987164
5759,0.06764365,-0.93859124
5760,0.06764365,-0.93859124
5761,-0.06698587,0.7693296
5762,-0.08056207,0.8069342
5763,0.089686625,-0.75296175
5764,-0.15556705,0.110515654
5765,-0.05324783,0.8987164
5766,-0.053247407,0.8987152
5767,-0.15556705,0.110515654
5768,0.0769959,-0.7189178
5769,0.06698587,-0.7693296
5770,-0.09394026,-0.3727377
5771,0.11620082,-0.47030652
5772,-0.05324731,0.89871496
5773,-0.056094147,0.7675257
5774,0.06764365,-0.93859124
5775,0.0886925,-0.7513161
5776,0.080622844,-0.8071025
5777,-0.1821111,-0.12851422
5778,0.06764365,-0.93859124
5779,-0.12439877,0.4260381
5780,-0.11620082,0.47030652
5781,-0.09326281,0.7192811
5782,0.06764365,-0.93859124
5783,-0.053247306,0.89871496
5784,0.03810505,-0.35767013
5785,-0.15556705,0.110515654
5786,0.1748164,0.08174382
5787,-0.08067087,0.80723554
5788,0.07223912,-0.8843442
5789,-0.062449396,0.9409042
5790,-0.06764365,0.93859124
5791,-0.1748164,-0.08174382
5792,0.08055766,-0.80692196
5793,-0.11620082,0.47030652
5794,-0.0805501,0.80690104
5795,0.1821111,0.12851422
5796,-0.06698587,0.7693296
5797,-0.1821111,-0.12851422
5798,0.06698324,-0.936762
5799,0.053247508,-0.8987155
5800,0.08689301,-0.7463317
5801,0.06698587,-0.7693296
5802,0.086893015,-0.7463317
5803,-0.1821111,-0.12851422
5804,-0.095090926,0.7020632
5805,0.06636015,-0.94619864
5806,0.18301435,0.12601231
5807,0.0805694,-0.8069545
5808,-0.06762752,0.9497091
5809,-0.06648648,0.9465486
5810,-0.1821111,-0.12851422
5811,-0.11620082,0.47030652
5812,-0.06764365,0.93859124
5813,0.15556705,-0.110515654
5814,0.08058278,-0.8069915
5815,-0.15556705,0.110515654
5816,0.024860771,-0.48240754
5817,0.11620082,-0.47030652
5818,-0.080634184,0.8071339
5819,-0.053247385,0.89871514
5820,0.1721172,0.08922036
5821,0.040748283,-0.7971181
5822,-0.15556705,0.110515654
5823,-0.0769959,0.7189178
5824,-0.1748164,-0.08174382
5825,-0.086893,0.7463317
5826,0.06764365,-0.93859124
5827,-0.05324767,0.898716
5828,0.06764365,-0.93859124
5829,0.06764365,-0.93859124
5830,0.06404471,-0.92862254
5831,0.09730819,-0.3793652
5832,0.08419381,-0.7388552
5833,0.06698587,-0.7693296
5834,0.066151045,-0.94561946
5835,0.06698587,-0.7693296
5836,-0.053247828,0.8987164
5837,-0.06764365,0.93859124
5838,0.053247828,-0.8987164
5839,0.18031162,0.13349856
5840,0.053247306,-0.89871496
5841,0.06615466,-0.9456295
5842,0.07252653,-0.8851404
5843,0.12439877,-0.4260381
5844,-0.06698587,0.7693296
5845,0.080661535,-0.8072097
5846,0.06583159,-0.94469106
5847,-0.080609836,0.8070665
5848,0.06698587,-0.7693296
5849,-0.06764365,0.93859124
5850,-0.05324783,0.8987164
5851,0.09509096,-0.70206326
5852,-0.05324733,0.898715
5853,0.1748164,0.08174382
5854,-0.09695145,0.662566
5855,0.066355884,-0.94618684
5856,-0.06764365,0.93859124
5857,0.06762752,-0.9497091
5858,0.08060512,-0.80705345
5859,-0.12439877,0.4260381
5860,-0.023922473,-0.7016636
5861,0.06763801,-0.96057606
5862,-0.06764365,0.93859124
5863,0.1821111,0.12851422
5864,0.15556705,-0.110515654
5865,0.080581285,-0.8069874
5866,0.08865357,0.044592947
5867,-0.15556705,0.110515654
5868,0.05540218,-0.65910554
5869,0.15556705,-0.110515654
5870,0.08055236,-0.8069073
5871,0.08059858,-0.8070353
5872,-0.06609765,0.9454716
5873,-0.095090866,0.7020631
5874,0.09326281,-0.71928114
5875,0.0886925,-0.7513161
5876,-0.06698587,0.7693296
5877,-0.0769959,0.7189178
5878,0.07252051,-0.8851237
5879,0.053247306,-0.89871496
5880,0.06764365,-0.93859124
5881,-0.07586129,0.883171
5882,0.080562875,-0.8069364
5883,-0.11620082,0.47030652
5884,0.09629366,-0.49330437
5885,-0.06698587,0.7693296
5886,-0.1748164,-0.08174382
5887,0.12078017,-0.4271776
5888,0.11620082,-0.47030652
5889,0.11620082,-0.47030652
5890,-0.11620082,0.47030652
5891,0.06764365,-0.93859124
5892,-0.06764365,0.93859124
5893,-0.1748164,-0.08174382
5894,0.08689302,-0.7463317
5895,0.08059285,-0.8070194
5896,0.06764365,-0.93859124
5897,-0.053247306,0.89871496
5898,-0.08689301,0.7463317
5899,0.11620082,-0.47030652
5900,-0.06764365,0.93859124
5901,0.09509096,-0.70206326
5902,-0.05324759,0.89871573
5903,-0.06698587,0.7693296
5904,0.023925468,0.7016553
5905,0.05324731,-0.89871496
5906,-0.06764365,0.93859124
5907,0.053247593,-0.89871573
5908,-0.06698587,0.7693296
5909,0.08056528,-0.80694306
5910,0.093304105,-0.6859512
5911,0.11620082,-0.47030652
5912,0.1821111,0.12851422
5913,-0.018173058,-0.6544635
5914,-0.07304697,0.3503656
5915,-0.053247407,0.8987152
5916,0.15556705,-0.110515654
5917,-0.05324731,0.89871496
5918,-0.11620082,0.47030652
5919,0.06764365,-0.93859124
5920,0.06764365,-0.93859124
5921,-0.06764365,0.93859124
5922,-0.06764365,0.93859124
5923,-0.08062919,0.8071201
5924,-0.18031162,-0.13349856
5925,-0.11620082,0.47030652
5926,0.051420573,-0.91591936
5927,-0.06764365,0.93859124
5928,-0.09695145,0.662566
5929,-0.12365285,0.423972
5930,-0.10630369,0.44289267
5931,0.053247828,-0.8987164
5932,0.066522986,-0.94664973
5933,0.09695145,-0.662566
5934,0.07170605,-0.689022
5935,0.053247467,-0.8987154
5936,0.053247374,-0.89871514
5937,-0.053247824,0.8987164
5938,0.05324737,-0.89871514
5939,0.06764365,-0.93859124
5940,0.06608613,-0.7668374
5941,-0.06764365,0.93859124
5942,-0.15556705,0.110515654
5943,-0.053247835,0.8987164
5944,-0.053247306,0.89871496
5945,-0.055402275,0.65910465
5946,0.06764365,-0.93859124
5947,-0.080663696,0.8072157
5948,0.1821111,0.12851422
5949,-0.1748164,-0.08174382
5950,0.06698587,-0.7693296
5951,-0.055402283,0.6591046
5952,0.06648371,-0.9465409
5953,0.06698587,-0.7693296
5954,0.053247623,-0.8987158
5955,-0.062212966,0.9458741
5956,0.17753175,0.08538525
5957,-0.06764365,0.93859124
5958,-0.0661875,0.94572043
5959,-0.15556705,0.110515654
5960,-0.066298515,0.94602793
5961,0.11620082,-0.47030652
5962,-0.072521724,0.88512707
5963,0.11620082,-0.47030652
5964,0.053247374,-0.89871514
5965,0.06645126,-0.946451
5966,-0.0886925,0.7513161
5967,-0.053247314,0.89871496
5968,-0.08305846,0.8124992
5969,0.109449945,-0.5339302
5970,0.15556705,-0.110515654
5971,0.119004086,-0.4768459
5972,-0.05324731,0.89871496
5973,0.15952277,0.16271642
5974,-0.18301435,-0.12601231
5975,0.06764365,-0.93859124
5976,-0.053247835,0.8987164
5977,-0.06764365,0.93859124
5978,0.0886925,-0.7513161
5979,0.06764365,-0.93859124
5980,0.18301791,0.126046
5981,-0.1748164,-0.08174382
5982,-0.07223912,0.8843442
5983,0.09509096,-0.70206326
5984,0.06698587,-0.7693296
5985,-0.18301435,-0.12601231
5986,0.11620082,-0.47030652
5987,0.18301435,0.12601231
5988,0.053247835,-0.8987164
5989,0.06764365,-0.93859124
5990,-0.08689301,0.7463317
5991,-0.10630369,0.4428926
5992,0.07255227,-0.88521165
5993,0.06764365,-0.93859124
5994,0.08689301,-0.7463317
5995,0.053247835,-0.8987164
5996,0.119004086,-0.47684592
5997,-0.08057918,0.80698156
5998,-0.06698587,0.7693296
5999,-0.05324733,0.898715
6000,0.053247817,-0.89871633
6001,0.08689302,-0.7463317
6002,0.1821111,0.12851422
6003,0.09695145,-0.662566
6004,-0.0769959,0.7189178
6005,-0.06770705,0.95996886
6006,-0.09695145,0.662566
6007,0.04098277,-0.9098518
6008,-0.05324741,0.89871526
6009,-0.06764365,0.93859124
6010,0.05324783,-0.8987164
6011,-0.05324745,0.8987153
6012,0.08055983,-0.806928
6013,-0.05324732,0.89871496
6014,0.06953991,-0.8768678
6015,-0.15556705,0.110515654
6016,0.032326095,-0.8724786
6017,-0.06764365,0.93859124
6018,-0.11620082,0.47030652
6019,-0.036178682,0.8092739
6020,-0.053247314,0.89871496
6021,-0.15556705,0.110515654
6022,-0.05540218,0.65910554
6023,-0.15556705,0.110515654
6024,0.06764365,-0.93859124
6025,-0.06764365,0.93859124
6026,-0.05540218,0.65910554
6027,0.09695145,-0.662566
6028,-0.06764365,0.93859124
6029,0.06764365,-0.93859124
6030,-0.11620082,0.47030652
6031,0.11620082,-0.47030652
6032,0.08056298,-0.8069367
6033,-0.1721172,-0.08922036
6034,0.11620082,-0.47030652
6035,0.053247835,-0.8987164
6036,-0.17753175,-0.08538525
6037,0.03928134,-0.87673116
6038,-0.072515406,0.88510954
6039,0.11620082,-0.47030652
6040,-0.06637472,0.946239
6041,0.053247325,-0.898715
6042,0.06698905,-0.93677807
6043,0.15556705,-0.110515654
6044,-0.08689301,0.7463317
6045,-0.080665715,0.8072213
6046,0.06764365,-0.93859124
6047,0.06764365,-0.93859124
6048,-0.095090926,0.7020632
6049,-0.1821111,-0.12851422
6050,0.053247545,-0.8987156
6051,0.06645425,-0.9464593
6052,0.09695145,-0.662566
6053,-0.08058184,0.80698895
6054,0.1748164,0.08174382
6055,0.06764365,-0.93859124
6056,-0.12439877,0.4260381
6057,0.08056641,-0.8069462
6058,-0.06627416,0.94596046
6059,0.1748164,0.08174382
6060,-0.06698587,0.7693296
6061,0.1821111,0.12851422
6062,0.16063085,0.14848393
6063,-0.08419381,0.7388552
6064,0.15556705,-0.110515654
6065,-0.07254033,0.8851786
6066,-0.08689299,0.74633163
6067,0.15556705,-0.110515654
6068,-0.06637483,0.94623935
6069,0.06698587,-0.7693296
6070,-0.12439877,0.4260381
6071,-0.053247344,0.898715
6072,-0.1748164,-0.08174382
6073,0.15556705,-0.110515654
6074,0.02488539,-0.83685595
6075,-0.06953991,0.8768678
6076,0.046276838,-0.9285205
6077,0.08103439,-0.6551819
6078,0.05367695,-0.91660535
6079,-0.06764365,0.93859124
6080,-0.053247385,0.89871514
6081,-0.062449425,0.94090426
6082,0.06620731,-0.94577533
6083,-0.095090926,0.7020632
6084,0.11620082,-0.47030652
6085,0.053247828,-0.8987164
6086,-0.06630747,0.94605273
6087,0.08056418,-0.80694
6088,0.06764365,-0.93859124
6089,0.06764365,-0.93859124
6090,0.053247835,-0.8987164
6091,0.08062109,-0.8070977
6092,-0.1748164,-0.08174382
6093,0.06764365,-0.93859124
6094,0.06698587,-0.7693296
6095,-0.06696788,0.9367194
6096,0.1821111,0.12851422
6097,-0.15556705,0.110515654
6098,-0.08055033,0.80690163
6099,-0.06764365,0.93859124
6100,-0.049167305,0.36695594
6101,0.08059872,-0.8070357
6102,-0.1721172,-0.08922036
6103,-0.06698587,0.7693296
6104,-0.06698587,0.7693296
6105,-0.05324731,0.89871496
6106,0.08059195,-0.80701697
6107,-0.053247433,0.8987153
6108,-0.06764365,0.93859124
6109,-0.08055166,0.8069053
6110,-0.06764365,0.93859124
6111,-0.053764004,0.5429416
6112,-0.024885397,0.83685595
6113,-0.16491929,-0.109157756
6114,0.11620082,-0.47030652
6115,0.09695145,-0.662566
6116,-0.090563595,0.71180457
6117,0.06697912,-0.93675053
6118,-0.06625891,0.9459182
6119,-0.08689301,0.7463317
6120,-0.065380536,0.748598
6121,0.08056214,-0.80693436
6122,-0.06764365,0.93859124
6123,-0.06625712,0.9459133
6124,-0.053247493,0.89871544
6125,-0.15556705,0.110515654
6126,0.11620082,-0.47030652
6127,0.06764365,-0.93859124
6128,0.08689301,-0.7463317
6129,0.05324783,-0.8987164
6130,-0.06764365,0.93859124
6131,-0.053247828,0.8987164
6132,0.08054772,-0.8068944
6133,0.15556705,-0.110515654
6134,0.18031162,0.13349856
6135,0.1821111,0.12851422
6136,0.11620082,-0.47030652
6137,0.08689301,-0.7463317
6138,-0.06764365,0.93859124
6139,-0.11620082,0.47030652
6140,-0.080598466,0.80703497
6141,0.12439877,-0.4260381
6142,-0.053247835,0.8987164
6143,0.11620082,-0.47030652
6144,0.1748164,0.08174382
6145,-0.06624148,0.94587
6146,0.1821111,0.12851422
6147,-0.11620082,0.47030652
6148,-0.035757147,0.73069644
6149,0.06698587,-0.7693296
6150,-0.023556467,0.8164746
6151,0.15556705,-0.110515654
6152,0.06764365,-0.93859124
6153,0.055973433,-0.7686633
6154,-0.06764365,0.93859124
6155,-0.05324752,0.8987155
6156,0.06674391,-0.93609905
6157,0.053247366,-0.8987151
6158,0.15556705,-0.110515654
6159,0.1821111,0.12851422
6160,0.12078369,-0.42718732
6161,-0.09509093,0.7020632
6162,0.15556705,-0.110515654
6163,-0.080598004,0.8070337
6164,0.08063391,-0.80713314
6165,0.15556705,-0.110515654
6166,0.06764365,-0.93859124
6167,-0.08054718,0.80689293
6168,-0.06764365,0.93859124
6169,0.06624278,-0.94587356
6170,0.05324737,-0.89871514
6171,0.1748164,0.08174382
6172,-0.08048194,0.8067122
6173,-0.06583158,0.94469106
6174,-0.05141557,0.9159665
6175,-0.15556705,0.110515654
6176,-0.053247314,0.89871496
6177,0.0806437,-0.8071603
6178,-0.05609415,0.7675257
6179,0.06764365,-0.93859124
6180,-0.08689301,0.7463317
6181,-0.06764365,0.93859124
6182,0.053764004,-0.5429416
6183,0.1334607,0.21861984
6184,0.11620082,-0.47030652
6185,-0.06618898,0.94572455
6186,-0.1721172,-0.08922036
6187,0.06764365,-0.93859124
6188,0.08058274,-0.80699146
6189,0.15556705,-0.110515654
6190,0.08055029,-0.8069016
6191,-0.0769977,0.71892273
6192,-0.0769959,0.7189178
6193,0.08423997,-0.6249918
6194,-0.03165767,0.21380606
6195,-0.1748164,-0.08174382
6196,0.06624431,-0.9458778
6197,-0.080548644,0.806897
6198,0.06764365,-0.93859124
6199,0.1721172,0.08922036
6200,-0.080647126,0.8071698
6201,0.09479427,-0.25722355
6202,-0.05540218,0.65910554
6203,-0.0769959,0.7189178
6204,0.06629577,-0.9460203
6205,0.06698587,-0.7693296
6206,-0.06764365,0.93859124
6207,0.024499375,-0.8190864
6208,-0.08689301,0.7463317
6209,-0.18301436,-0.12601231
6210,-0.06637827,0.9462489
6211,0.06764365,-0.93859124
6212,-0.1748164,-0.08174382
6213,0.1748164,0.08174382
6214,-0.053247835,0.8987164
6215,0.080547385,-0.8068935
6216,-0.05540218,0.65910554
6217,0.095090926,-0.7020632
6218,0.053247422,-0.89871526
6219,0.04706341,-0.921114
6220,0.18301435,0.12601231
6221,-0.080642685,0.8071575
6222,-0.053247314,0.89871496
6223,0.11453393,0.24871962
6224,0.093304105,-0.6859512
6225,0.11620082,-0.47030652
6226,0.05324734,-0.898715
6227,0.05324732,-0.89871496
6228,0.11620082,-0.47030652
6229,-0.08066355,0.8072153
6230,-0.057961166,0.6420935
6231,-0.06631069,0.9460617
6232,-0.06698587,0.7693296
6233,0.0769959,-0.7189178
6234,0.1721172,0.08922036
6235,0.08419381,-0.7388552
6236,-0.05540218,0.65910554
6237,0.09695145,-0.662566
6238,-0.05324732,0.89871496
6239,-0.06625094,0.94589615
6240,0.053247318,-0.89871496
6241,0.035324667,-0.17931265
6242,0.0663033,-0.94604117
6243,0.06698587,-0.7693296
6244,0.08059437,-0.80702364
6245,0.11620082,-0.47030652
6246,-0.06764365,0.93859124
6247,-0.08066081,0.8072077
6248,0.06764365,-0.93859124
6249,0.06762752,-0.9497091
6250,-0.11620082,0.47030652
6251,-0.06698587,0.7693296
6252,0.080142274,-0.80995417
6253,-0.1748164,-0.08174382
6254,0.08062049,-0.807096
6255,-0.0886925,0.7513161
6256,0.06764365,-0.93859124
6257,0.11620082,-0.47030652
6258,0.11620082,-0.47030652
6259,-0.06698587,0.7693296
6260,0.121696025,-0.4185518
6261,0.06764365,-0.93859124
6262,0.06764365,-0.93859124
6263,0.16491929,0.109157756
6264,0.0769959,-0.7189178
6265,-0.06764365,0.93859124
6266,0.06764365,-0.93859124
6267,0.0532477,-0.89871603
6268,-0.06644647,0.9464377
6269,-0.05324739,0.8987152
6270,-0.10869095,0.04760632
6271,0.12439866,-0.4260379
6272,-0.06698587,0.7693296
6273,0.093304105,-0.6859512
6274,0.06698587,-0.7693296
6275,-0.0323261,0.8724786
6276,-0.18301435,-0.12601231
6277,0.12439877,-0.4260381
6278,0.06697385,-0.9367359
6279,0.1766159,0.07675947
6280,-0.06630628,0.94604945
6281,-0.06764365,0.93859124
6282,-0.1748164,-0.08174382
6283,0.080613315,-0.80707616
6284,-0.055402186,0.65910554
6285,0.053247835,-0.8987164
6286,-0.08689301,0.7463317
6287,0.05324783,-0.8987164
6288,0.06762752,-0.9497091
6289,-0.11620082,0.47030652
6290,0.0905152,-0.74515843
6291,0.06764365,-0.93859124
6292,0.08065458,-0.8071904
6293,-0.086892985,0.74633163
6294,-0.05540218,0.65910554
6295,0.07252142,-0.88512623
6296,-0.121696025,0.4185518
6297,0.1721172,0.08922036
6298,0.06764365,-0.93859124
6299,-0.15556705,0.110515654
6300,0.06764365,-0.93859124
6301,-0.095090926,0.7020632
6302,-0.06764365,0.93859124
6303,0.18301435,0.12601231
6304,-0.1721172,-0.08922036
6305,-0.06615163,0.9456211
6306,0.066250704,-0.9458955
6307,-0.1748164,-0.08174382
6308,0.05324733,-0.898715
6309,0.06764365,-0.93859124
6310,0.06698587,-0.7693296
6311,-0.11620082,0.47030652
6312,-0.05324755,0.8987156
6313,-0.066384226,0.94626534
6314,-0.06764365,0.93859124
6315,-0.06764365,0.93859124
6316,0.06764365,-0.93859124
6317,0.15556705,-0.110515654
6318,-0.095090926,0.7020632
6319,0.086892985,-0.74633163
6320,0.06764365,-0.93859124
6321,-0.06695015,0.9366703
6322,0.08689299,-0.74633163
6323,0.11620082,-0.47030652
6324,-0.053807177,0.54306114
6325,-0.05324732,0.89871496
6326,0.09695145,-0.662566
6327,-0.18031162,-0.13349856
6328,0.022186197,-0.82937944
6329,-0.121696025,0.4185518
6330,-0.06674391,0.93609905
6331,-0.07253492,0.8851636
6332,0.12440234,-0.42600438
6333,0.066146664,-0.9456073
6334,0.06764365,-0.93859124
6335,-0.053247824,0.8987164
6336,0.1821111,0.12851422
6337,-0.09695145,0.662566
6338,-0.06764365,0.93859124
6339,-0.11620082,0.47030652
6340,-0.06764365,0.93859124
6341,-0.053247333,0.898715
6342,-0.16491929,-0.109157756
6343,-0.08689302,0.7463317
6344,-0.05324731,0.89871496
6345,0.066339746,-0.94614214
6346,-0.06244941,0.94090426
6347,-0.08689301,0.7463317
6348,-0.053247347,0.8987151
6349,0.06764365,-0.93859124
6350,0.088692464,-0.751316
6351,0.11620082,-0.47030652
6352,0.06764365,-0.93859124
6353,0.095090926,-0.7020632
6354,0.066181846,-0.94570476
6355,-0.06698587,0.7693296
6356,-0.06997387,0.5302531
6357,-0.053247314,0.89871496
6358,0.05143223,-0.90485
6359,0.06764365,-0.93859124
6360,-0.06764365,0.93859124
6361,0.11620082,-0.47030652
6362,-0.11620082,0.47030652
6363,-0.06625701,0.94591296
6364,0.019624602,-0.8193113
6365,0.11620082,-0.47030652
6366,-0.0769959,0.7189178
6367,-0.06764365,0.93859124
6368,0.11620082,-0.47030652
6369,0.14917207,-0.15977818
6370,0.12440233,-0.42600435
6371,-0.053247325,0.898715
6372,-0.09326281,0.71928114
6373,-0.06614719,0.9456088
6374,-0.086892985,0.74633163
6375,-0.053247835,0.8987164
6376,-0.06698587,0.7693296
6377,-0.06764365,0.93859124
6378,-0.15556705,0.110515654
6379,-0.053247374,0.89871514
6380,0.053247835,-0.8987164
6381,0.06331211,-0.93775594
6382,-0.08689301,0.7463317
6383,0.18301791,0.126046
6384,0.06764365,-0.93859124
6385,-0.053247318,0.89871496
6386,0.080566645,-0.8069469
6387,-0.0886925,0.7513161
6388,-0.08689301,0.7463317
6389,0.05143223,-0.90485
6390,0.15556705,-0.110515654
6391,0.1821111,0.12851422
6392,0.05324783,-0.8987164
6393,-0.06698587,0.7693296
6394,0.095090926,-0.7020632
6395,-0.15556705,0.110515654
6396,0.08059673,-0.8070302
6397,0.06764365,-0.93859124
6398,-0.11620082,0.47030652
6399,0.06764365,-0.93859124
6400,-0.08061718,0.8070868
6401,0.1821111,0.12851422
6402,0.11453393,0.24871962
6403,0.0685434,-0.9410834
6404,0.06764365,-0.93859124
6405,0.16491929,0.109157756
6406,0.12440234,-0.42600438
6407,-0.05143223,0.90485
6408,-0.06764365,0.93859124
6409,-0.05324783,0.8987164
6410,-0.05324783,0.8987164
6411,-0.06764365,0.93859124
6412,-0.06764365,0.93859124
6413,-0.05324783,0.8987164
6414,0.06696408,-0.93670887
6415,-0.1821111,-0.12851422
6416,0.06698587,-0.7693296
6417,0.07586129,-0.883171
6418,-0.05141557,0.9159665
6419,0.06648622,-0.94654787
6420,-0.06171693,0.7831019
6421,-0.15556705,0.110515654
6422,-0.066182986,0.9457079
6423,-0.08689301,0.7463317
6424,-0.080614805,0.80708027
6425,-0.18301435,-0.12601231
6426,-0.06698587,0.7693296
6427,-0.1821111,-0.12851422
6428,-0.06764365,0.93859124
6429,0.054295946,-0.67658985
6430,-0.06764365,0.93859124
6431,0.11620082,-0.47030652
6432,-0.18031162,-0.13349856
6433,0.05141557,-0.9159665
6434,0.06609642,-0.9454681
6435,0.11620082,-0.47030652
6436,-0.1821111,-0.12851422
6437,0.053247835,-0.8987164
6438,-0.12439877,0.4260381
6439,0.025808081,-0.83941174
6440,0.1821111,0.12851422
6441,-0.09394026,-0.3727377
6442,-0.06764365,0.93859124
6443,-0.050075363,0.5996567
6444,-0.11620082,0.47030652
6445,0.16491929,0.109157756
6446,0.15556705,-0.110515654
6447,-0.040982436,0.9098513
6448,0.05141557,-0.9159665
6449,0.08055481,-0.8069141
6450,-0.10546848,0.39592856
6451,0.11620082,-0.47030652
6452,-0.08058749,0.8070046
6453,0.072527505,-0.8851431
6454,0.07253637,-0.88516766
6455,0.057137612,-0.8262298
6456,0.06764365,-0.93859124
6457,0.06764365,-0.93859124
6458,0.06764365,-0.93859124
6459,-0.1821111,-0.12851422
6460,-0.06764365,0.93859124
6461,0.06764365,-0.93859124
6462,0.086892985,-0.74633163
6463,-0.03165767,0.21380606
6464,-0.053247314,0.89871496
6465,-0.12440234,0.42600438
6466,0.05324735,-0.8987151
6467,0.0769959,-0.7189178
6468,0.15556705,-0.110515654
6469,-0.08061568,0.80708265
6470,-0.06764365,0.93859124
6471,0.11620082,-0.47030652
6472,0.11620082,-0.47030652
6473,-0.11620082,0.47030652
6474,0.05540218,-0.65910554
6475,0.06646857,-0.946499
6476,-0.08689302,0.7463317
6477,-0.06764365,0.93859124
6478,-0.06696771,0.93671894
6479,-0.15556705,0.110515654
6480,0.053247835,-0.8987164
6481,-0.12439546,0.4260289
6482,-0.18301435,-0.12601231
6483,-0.06764365,0.93859124
6484,-0.15556705,0.110515654
6485,0.18301436,0.12601231
6486,-0.053247314,0.89871496
6487,0.0886925,-0.7513161
6488,-0.06764365,0.93859124
6489,-0.11620082,0.47030652
6490,-0.06764365,0.93859124
6491,0.043705583,-0.62670726
6492,-0.049167328,0.36695573
6493,0.06764365,-0.93859124
6494,0.11620082,-0.47030652
6495,0.11620082,-0.47030652
6496,0.08062485,-0.8071081
6497,0.18301791,0.126046
6498,0.06953991,-0.8768678
6499,-0.086931504,0.7459701
6500,-0.06698587,0.7693296
6501,0.1821111,0.12851422
6502,0.11620082,-0.47030652
6503,-0.05324733,0.898715
6504,0.121696025,-0.4185518
6505,0.080563165,-0.8069372
6506,0.1748164,0.08174382
6507,-0.05324769,0.898716
6508,-0.06764365,0.93859124
6509,0.06764365,-0.93859124
6510,-0.06764365,0.93859124
6511,-0.11275553,-0.34539863
6512,0.12170312,-0.41852784
6513,0.0886925,-0.7513161
6514,0.053247306,-0.89871496
6515,0.14830694,-0.20086718
6516,0.066465765,-0.9464912
6517,0.15556705,-0.110515654
6518,0.080606245,-0.80705655
6519,-0.06764365,0.93859124
6520,0.12439877,-0.4260381
6521,0.06698587,-0.7693296
6522,-0.06698273,0.93676054
6523,-0.06764365,0.93859124
6524,-0.15556705,0.110515654
6525,-0.072521724,0.88512707
6526,-0.053247795,0.8987163
6527,0.09326281,-0.71928114
6528,-0.06609828,0.9454733
6529,-0.086892985,0.74633163
6530,0.095090926,-0.7020632
6531,-0.08055263,0.806908
6532,0.06738718,-0.36681128
6533,-0.11620082,0.47030652
6534,0.05324732,-0.89871496
6535,0.1748164,0.08174382
6536,-0.09326281,0.71928114
6537,-0.066353254,0.94617957
6538,-0.053247325,0.898715
6539,-0.086893015,0.7463317
6540,-0.06640263,0.9463163
6541,-0.15556705,0.110515654
6542,-0.06764365,0.93859124
6543,-0.053247835,0.8987164
6544,-0.06674391,0.93609905
6545,-0.06764365,0.93859124
6546,0.055402186,-0.65910554
6547,-0.06764365,0.93859124
6548,0.08054769,-0.80689436
6549,-0.06764365,0.93859124
6550,-0.06764365,0.93859124
6551,-0.15556705,0.110515654
6552,0.11620082,-0.47030652
6553,0.095090926,-0.7020632
6554,0.06698587,-0.7693296
6555,-0.06764365,0.93859124
6556,0.08058419,-0.80699545
6557,-0.047369055,0.59220415
6558,-0.0617174,0.7831016
6559,-0.05324733,0.898715
6560,0.06764365,-0.93859124
6561,0.088692464,-0.751316
6562,0.053247835,-0.8987164
6563,-0.053247385,0.89871514
6564,0.08054766,-0.80689424
6565,-0.06696718,0.9367175
6566,0.06764365,-0.93859124
6567,0.06764365,-0.93859124
6568,-0.06764365,0.93859124
6569,0.08057192,-0.8069615
6570,-0.05380716,0.5430611
6571,0.08689301,-0.7463317
6572,-0.08064547,0.8071652
6573,0.08061377,-0.8070774
6574,0.05143223,-0.90485
6575,-0.1748164,-0.08174382
6576,0.06764365,-0.93859124
6577,0.053247333,-0.898715
6578,-0.080637686,0.8071436
6579,0.053247318,-0.89871496
6580,-0.053247314,0.89871496
6581,-0.08055169,0.80690545
6582,0.053247314,-0.89871496
6583,-0.067329355,0.93772066
6584,-0.06698587,0.7693296
6585,-0.05143223,0.90485
6586,0.06764365,-0.93859124
6587,-0.11620082,0.47030652
6588,-0.08419381,0.7388552
6589,-0.06583159,0.94469106
6590,0.053247306,-0.89871496
6591,0.08056504,-0.8069424
6592,0.086893015,-0.7463317
6593,0.0932628,-0.7192811
6594,0.08059476,-0.8070247
6595,0.06764365,-0.93859124
6596,0.066358976,-0.9461954
6597,-0.061771963,0.6320549
6598,0.09509096,-0.70206326
6599,-0.06764365,0.93859124
6600,-0.06764365,0.93859124
6601,0.053764004,-0.5429416
6602,0.05141557,-0.9159665
6603,-0.053247347,0.8987151
6604,0.12400835,-0.42491305
6605,-0.053247325,0.898715
6606,-0.03928134,0.87673116
6607,0.15556705,-0.110515654
6608,-0.1748164,-0.08174382
6609,-0.1748164,-0.08174382
6610,0.06764365,-0.93859124
6611,-0.06620018,0.9457556
6612,0.17753175,0.08538525
6613,0.12439877,-0.4260381
6614,-0.11350159,0.46283007
6615,0.0914759,-0.703169
6616,-0.06696297,0.9367058
6617,0.08065515,-0.807192
6618,0.06764365,-0.93859124
6619,-0.0769959,0.7189178
6620,-0.0905152,0.74515843
6621,-0.11350159,0.46283007
6622,0.08055195,-0.80690616
6623,-0.11620082,0.47030652
6624,-0.080567814,0.8069501
6625,-0.0769959,0.7189178
6626,-0.06764365,0.93859124
6627,-0.06698587,0.7693296
6628,0.06621661,-0.9458011
6629,-0.06764365,0.93859124
6630,0.15556705,-0.110515654
6631,-0.06694706,0.9366617
6632,-0.05540218,0.65910554
6633,0.053764004,-0.5429416
6634,0.07254569,-0.88519347
6635,0.06764365,-0.93859124
6636,0.066372305,-0.9462323
6637,-0.05367695,0.91660535
6638,0.06764365,-0.93859124
6639,-0.17753175,-0.08538525
6640,-0.06764365,0.93859124
6641,0.053247835,-0.8987164
6642,-0.053247392,0.8987152
6643,0.06657423,-0.94679165
6644,-0.06764365,0.93859124
6645,-0.11620082,0.47030652
6646,-0.08780889,0.73770595
6647,0.08060217,-0.8070452
6648,-0.15556705,0.110515654
6649,0.06696237,-0.93670416
6650,-0.11620082,0.47030652
6651,0.06764365,-0.93859124
6652,-0.06698587,0.7693296
6653,-0.06764365,0.93859124
6654,0.06698587,-0.7693296
6655,-0.06764365,0.93859124
6656,-0.08063083,0.8071247
6657,0.18031162,0.13349856
6658,0.15556705,-0.110515654
6659,-0.06697367,0.93673545
6660,-0.053764004,0.5429416
6661,0.11620082,-0.47030652
6662,-0.080621816,0.8070997
6663,0.123495504,-0.42353615
6664,-0.06764365,0.93859124
6665,-0.1748164,-0.08174382
6666,0.06764365,-0.93859124
6667,0.08057689,-0.80697525
6668,-0.08689301,0.7463317
6669,0.06698587,-0.7693296
6670,-0.15556705,0.110515654
6671,0.06696348,-0.9367072
6672,0.08054791,-0.80689496
6673,0.05540218,-0.65910554
6674,0.11620082,-0.47030652
6675,-0.0886925,0.7513161
6676,0.06762752,-0.9497091
6677,-0.053247742,0.89871615
6678,0.053247333,-0.898715
6679,-0.11620082,0.47030652
6680,0.18031162,0.13349856
6681,0.15556705,-0.110515654
6682,-0.08689302,0.7463317
6683,-0.053247835,0.8987164
6684,-0.1821111,-0.12851422
6685,0.11620082,-0.47030652
6686,-0.053247835,0.8987164
6687,-0.06650759,0.94660705
6688,-0.06764365,0.93859124
6689,0.11620082,-0.47030652
6690,-0.06698587,0.7693296
6691,-0.05324733,0.898715
6692,-0.06764365,0.93859124
6693,0.06698587,-0.7693296
6694,-0.08066738,0.8072259
6695,0.06698587,-0.7693296
6696,0.06764365,-0.93859124
6697,0.06770461,-0.95999163
6698,-0.06764365,0.93859124
6699,-0.11620082,0.47030652
6700,0.061716918,-0.783102
6701,0.06764365,-0.93859124
6702,-0.06666712,0.94704896
6703,-0.053247835,0.8987164
6704,0.067704536,-0.9599923
6705,0.08058269,-0.8069913
6706,0.053247802,-0.89871633
6707,-0.11620082,0.47030652
6708,0.06764365,-0.93859124
6709,-0.1821111,-0.12851422
6710,-0.06764365,0.93859124
6711,-0.06764365,0.93859124
6712,0.06633443,-0.9461274
6713,0.08060826,-0.80706215
6714,0.053247325,-0.898715
6715,-0.06698587,0.7693296
6716,0.06764365,-0.93859124
6717,-0.08056946,0.8069547
6718,-0.06645105,0.9464505
6719,-0.06764365,0.93859124
6720,-0.053247306,0.89871496
6721,0.1748164,0.08174382
6722,-0.05324732,0.89871496
6723,0.1748164,0.08174382
6724,-0.15556705,0.110515654
6725,0.18031162,0.13349856
6726,0.093304105,-0.6859512
6727,-0.06764365,0.93859124
6728,-0.053764004,0.5429416
6729,0.12439877,-0.4260381
6730,0.12440234,-0.42600438
6731,-0.0769959,0.7189178
6732,-0.053247437,0.8987153
6733,-0.06764365,0.93859124
6734,0.080594316,-0.8070235
6735,0.053247344,-0.898715
6736,0.08689301,-0.7463317
6737,-0.063361526,0.9378928
6738,0.053247325,-0.898715
6739,0.11891617,-0.4666651
6740,-0.066971555,0.9367296
6741,0.11620082,-0.47030652
6742,0.1748164,0.08174382
6743,0.11620082,-0.47030652
6744,0.08062467,-0.80710757
6745,0.08058707,-0.80700344
6746,0.12439877,-0.4260381
6747,-0.066971555,0.9367296
6748,0.121696025,-0.4185518
6749,0.066976056,-0.769422
6750,-0.07251203,0.88510025
6751,-0.047063436,0.9211141
6752,0.06764365,-0.93859124
6753,0.06171704,-0.7831014
6754,-0.12439877,0.4260381
6755,0.06698587,-0.7693296
6756,-0.15556705,0.110515654
6757,0.05324732,-0.89871496
6758,-0.08060323,0.8070482
6759,-0.1821111,-0.12851422
6760,0.1748164,0.08174382
6761,0.06734815,-0.93777275
6762,-0.06764365,0.93859124
6763,-0.1240807,0.42511347
6764,0.14917207,-0.15977818
6765,-0.15602584,-0.10511513
6766,0.053247828,-0.8987164
6767,-0.040982436,0.9098513
6768,0.06764365,-0.93859124
6769,0.08058896,-0.8070087
6770,-0.08698571,0.7455014
6771,0.06764365,-0.93859124
6772,0.06764365,-0.93859124
6773,0.11982298,-0.46913326
6774,0.053247333,-0.898715
6775,0.053247534,-0.89871556
6776,-0.08055234,0.80690724
6777,0.06674391,-0.93609905
6778,0.053247817,-0.89871633
6779,-0.0769959,0.7189178
6780,0.08064188,-0.80715525
6781,-0.1821111,-0.12851422
6782,-0.06764365,0.93859124
6783,-0.1721172,-0.08922036
6784,-0.093304105,0.6859512
6785,-0.06764365,0.93859124
6786,-0.18301435,-0.12601231
6787,-0.053247545,0.8987156
6788,-0.08044064,0.8400421
6789,0.0769959,-0.7189178
6790,0.095090926,-0.7020632
6791,0.06698587,-0.7693296
6792,-0.0532474,0.8987152
6793,-0.06764365,0.93859124
6794,0.1748164,0.08174382
6795,0.053247657,-0.8987159
6796,-0.08058651,0.8070019
6797,0.11620082,-0.47030652
6798,0.053247835,-0.8987164
6799,0.0769959,-0.7189178
6800,-0.086892985,0.74633163
6801,-0.06764365,0.93859124
6802,-0.06698587,0.7693296
6803,-0.046279643,0.4585359
6804,0.15556705,-0.110515654
6805,0.07252487,-0.88513577
6806,0.06499618,-0.9526019
6807,0.08689301,-0.7463317
6808,0.053247757,-0.8987162
6809,-0.06764365,0.93859124
6810,-0.053247333,0.898715
6811,-0.086892985,0.74633163
6812,-0.08689302,0.7463317
6813,-0.080207795,0.80929416
6814,0.080636635,-0.8071407
6815,0.06764365,-0.93859124
6816,-0.06627798,0.9459711
6817,-0.1748164,-0.08174382
6818,0.18301435,0.12601231
6819,0.1748164,0.08174382
6820,0.053247318,-0.89871496
6821,0.0426405,-0.6658685
6822,-0.053247333,0.898715
6823,-0.08002754,0.8109913
6824,0.06764365,-0.93859124
6825,0.053764004,-0.5429416
6826,-0.06764365,0.93859124
6827,0.06764365,-0.93859124
6828,-0.053247306,0.89871496
6829,-0.080676,0.8072497
6830,-0.15556705,0.110515654
6831,-0.1821111,-0.12851422
6832,0.08689301,-0.7463317
6833,-0.053247325,0.898715
6834,0.08060028,-0.80704004
6835,0.08059387,-0.8070223
6836,-0.053247835,0.8987164
6837,-0.06764365,0.93859124
6838,-0.06764365,0.93859124
6839,0.06764365,-0.93859124
6840,0.06696658,-0.93671584
6841,-0.08689302,0.7463317
6842,-0.11620082,0.47030652
6843,0.11620082,-0.47030652
6844,0.08969149,-0.7529162
6845,-0.15556705,0.110515654
6846,-0.05324781,0.89871633
6847,-0.019859452,0.6429817
6848,0.03165767,-0.21380606
6849,0.06764365,-0.93859124
6850,0.06698587,-0.7693296
6851,0.06764365,-0.93859124
6852,-0.1821111,-0.12851422
6853,-0.121696025,0.4185518
6854,0.06698587,-0.7693296
6855,-0.05324732,0.89871496
6856,-0.06764365,0.93859124
6857,0.06698587,-0.7693296
6858,-0.11620082,0.47030652
6859,0.09326281,-0.71928114
6860,0.06698587,-0.7693296
6861,-0.086892985,0.74633163
6862,-0.1821111,-0.12851422
6863,0.08058433,-0.80699587
6864,0.06764365,-0.93859124
6865,0.09695145,-0.662566
6866,0.095090926,-0.7020632
6867,0.06764365,-0.93859124
6868,0.10630369,-0.4428926
6869,0.053247694,-0.89871603
6870,-0.040748283,0.7971181
6871,0.15556705,-0.110515654
6872,-0.0769959,0.7189178
6873,0.06764365,-0.93859124
6874,-0.043705583,0.62670726
6875,0.066264495,-0.9459337
6876,-0.068128176,0.72272056
6877,0.06698587,-0.7693296
6878,-0.06764365,0.93859124
6879,0.06764365,-0.93859124
6880,0.07920354,-0.67242527
6881,-0.06582805,0.9447248
6882,-0.09509096,0.70206326
6883,0.06764365,-0.93859124
6884,-0.12440234,0.42600438
6885,0.05324736,-0.8987151
6886,0.06764365,-0.93859124
6887,-0.08698529,0.74550533
6888,-0.06764365,0.93859124
6889,0.15556705,-0.110515654
6890,0.06764365,-0.93859124
6891,0.15556705,-0.110515654
6892,-0.06698587,0.7693296
6893,-0.12439877,0.4260381
6894,0.06764365,-0.93859124
6895,-0.06583159,0.94469106
6896,0.0046297014,-0.7863748
6897,0.05324731,-0.89871496
6898,0.03165767,-0.21380606
6899,0.066191934,-0.9457327
6900,-0.08061212,0.8070728
6901,0.06764365,-0.93859124
6902,-0.06764365,0.93859124
6903,-0.053247333,0.898715
6904,-0.18031162,-0.13349856
6905,0.06953991,-0.8768678
6906,0.06695753,-0.93669075
6907,-0.053247824,0.8987164
6908,0.08689302,-0.7463317
6909,-0.06764365,0.93859124
6910,0.08059387,-0.8070223
6911,-0.08689301,0.7463317
6912,-0.15556705,0.110515654
6913,0.08064007,-0.80715024
6914,-0.08056123,0.80693185
6915,0.08780889,-0.73770595
6916,-0.15556705,0.110515654
6917,-0.06986125,0.5299412
6918,0.08060133,-0.8070429
6919,-0.12440233,0.42600435
6920,0.1821111,0.12851422
6921,-0.18031162,-0.13349856
6922,0.08063914,-0.8071477
6923,0.15556705,-0.110515654
6924,-0.06764365,0.93859124
6925,-0.11620082,0.47030652
6926,0.075870335,-0.87207705
6927,-0.08056691,0.8069476
6928,-0.08058896,0.8070087
6929,-0.06582805,0.9447248
6930,0.06698587,-0.7693296
6931,0.1821111,0.12851422
6932,-0.07699663,0.7189198
6933,0.05324733,-0.898715
6934,0.0806028,-0.807047
6935,-0.06764365,0.93859124
6936,0.080556095,-0.80691767
6937,0.12078369,-0.42718732
6938,0.12439877,-0.4260381
6939,0.06698587,-0.7693296
6940,-0.06583159,0.94469106
6941,0.062449403,-0.9409042
6942,-0.053247333,0.898715
6943,-0.08419381,0.7388552
6944,-0.06953991,0.8768678
6945,-0.05324739,0.8987152
6946,0.08059293,-0.80701965
6947,0.053247835,-0.8987164
6948,-0.11620082,0.47030652
6949,-0.06764365,0.93859124
6950,0.053247392,-0.8987152
6951,-0.053764004,0.5429416
6952,0.1721172,0.08922036
6953,-0.053247362,0.8987151
6954,-0.06583159,0.94469106
6955,-0.18301791,-0.126046
6956,-0.1821111,-0.12851422
6957,-0.05380717,0.54306114
6958,-0.06764365,0.93859124
6959,-0.05324742,0.89871526
6960,-0.05324736,0.8987151
6961,0.11620082,-0.47030652
6962,0.024499383,-0.8190864
6963,0.066485256,-0.9465452
6964,-0.0886925,0.7513161
6965,-0.06764365,0.93859124
6966,-0.053247713,0.8987161
6967,-0.12440234,0.42600438
6968,0.08689301,-0.7463317
6969,-0.10944997,0.53392994
6970,-0.080547206,0.806893
6971,0.12439866,-0.4260379
6972,0.06953991,-0.8768678
6973,0.06764365,-0.93859124
6974,-0.0806072,0.80705917
6975,0.06764365,-0.93859124
6976,-0.06764365,0.93859124
6977,-0.1748164,-0.08174382
6978,-0.066194504,0.94573987
6979,-0.13891104,-0.23701094
6980,-0.11620082,0.47030652
6981,0.0662664,-0.945939
6982,0.1748164,0.08174382
6983,0.11620082,-0.47030652
6984,0.11620082,-0.47030652
6985,-0.06764365,0.93859124
6986,0.14917207,-0.15977818
6987,0.080637686,-0.8071436
6988,0.08065543,-0.8071928
6989,-0.12439877,0.4260381
6990,-0.11620082,0.47030652
6991,-0.09695145,0.662566
6992,-0.053247347,0.8987151
6993,-0.08689302,0.7463317
6994,0.053247318,-0.89871496
6995,-0.1821111,-0.12851422
6996,-0.05324734,0.898715
6997,0.06764365,-0.93859124
6998,0.15556705,-0.110515654
6999,0.11620082,-0.47030652
7000,-0.06764365,0.93859124
7001,0.06764365,-0.93859124
7002,-0.11620082,0.47030652
7003,-0.06764365,0.93859124
7004,-0.08055707,0.80692035
7005,-0.08419381,0.7388552
7006,0.1748164,0.08174382
7007,-0.053764004,0.5429416
7008,0.053247835,-0.8987164
7009,-0.080547325,0.80689335
7010,-0.05141557,0.9159665
7011,0.15556705,-0.110515654
7012,0.15556705,-0.110515654
7013,0.06698587,-0.7693296
7014,0.16491929,0.109157756
7015,0.05540218,-0.65910554
7016,-0.11620082,0.47030652
7017,-0.16491929,-0.109157756
7018,-0.11620082,0.47030652
7019,0.06764365,-0.93859124
7020,-0.12078017,0.4271776
7021,-0.019859534,0.6429809
7022,-0.1748164,-0.08174382
7023,0.11620082,-0.47030652
7024,0.06764365,-0.93859124
7025,-0.06698587,0.7693296
7026,-0.12170312,0.41852784
7027,0.15556705,-0.110515654
7028,-0.06764365,0.93859124
7029,-0.053247377,0.89871514
7030,0.11620082,-0.47030652
7031,-0.08061267,0.8070743
7032,-0.1748164,-0.08174382
7033,0.06583159,-0.94469106
7034,0.05540218,-0.65910554
7035,0.06583159,-0.94469106
7036,-0.086892985,0.74633163
7037,-0.11620082,0.47030652
7038,-0.06764365,0.93859124
7039,0.0886925,-0.7513161
7040,0.064998716,-0.95257807
7041,0.08055155,-0.80690503
7042,-0.053807177,0.54306114
7043,-0.06633485,0.9461286
7044,-0.052238412,0.9082233
7045,0.053764004,-0.5429416
7046,-0.06764365,0.93859124
7047,-0.06764365,0.93859124
7048,-0.06764365,0.93859124
7049,-0.11620082,0.47030652
7050,0.08056241,-0.80693513
7051,0.0769959,-0.7189178
7052,0.11620082,-0.47030652
7053,0.05143223,-0.90485
7054,0.043705545,-0.6267072
7055,-0.08055644,0.80691856
7056,0.0886925,-0.7513161
7057,-0.06698587,0.7693296
7058,0.05324781,-0.89871633
7059,-0.08055794,0.80692273
7060,0.12170312,-0.41852784
7061,0.06582805,-0.9447248
7062,0.17753175,0.08538525
7063,-0.08419381,0.7388552
7064,-0.18301436,-0.12601231
7065,-0.1748164,-0.08174382
7066,0.09695145,-0.662566
7067,0.08063491,-0.80713594
7068,0.062216483,-0.9458838
7069,-0.15556705,0.110515654
7070,-0.069861144,0.52994084
7071,0.08055049,-0.8069021
7072,-0.11620082,0.47030652
7073,-0.053247467,0.8987154
7074,0.12440234,-0.42600438
7075,0.06764365,-0.93859124
7076,-0.1748164,-0.08174382
7077,0.05324752,-0.89871556
7078,-0.11620082,0.47030652
7079,-0.11620082,0.47030652
7080,-0.032326102,0.87247866
7081,0.06764365,-0.93859124
7082,-0.11620082,0.47030652
7083,0.16491929,0.109157756
7084,-0.08062427,0.8071065
7085,0.1748164,0.08174382
7086,-0.0805564,0.8069185
7087,0.15556705,-0.110515654
7088,-0.11620082,0.47030652
7089,0.06695686,-0.9366889
7090,-0.09695145,0.662566
7091,0.12439877,-0.4260381
7092,-0.053247828,0.8987164
7093,0.08060012,-0.80703956
7094,0.15556705,-0.110515654
7095,0.06764365,-0.93859124
7096,0.05324734,-0.898715
7097,0.047063366,-0.92111397
7098,-0.053807165,0.5430611
7099,0.06764365,-0.93859124
7100,-0.06764365,0.93859124
7101,0.06699544,-0.9367958
7102,0.06764365,-0.93859124
7103,0.039281324,-0.87673116
7104,-0.06764365,0.93859124
7105,-0.068072826,0.9564804
7106,0.05324754,-0.8987156
7107,0.06672779,-0.947217
7108,-0.05540218,0.65910554
7109,-0.06698587,0.7693296
7110,-0.053247374,0.89871514
7111,-0.06764365,0.93859124
7112,-0.053247835,0.8987164
7113,0.15556705,-0.110515654
7114,-0.06764365,0.93859124
7115,0.08055581,-0.80691683
7116,-0.053247355,0.8987151
7117,0.09509096,-0.70206326
7118,0.15556705,-0.110515654
7119,0.066960536,-0.9366991
7120,0.08055604,-0.8069175
7121,-0.1748164,-0.08174382
7122,-0.06764365,0.93859124
7123,0.06764365,-0.93859124
7124,0.11620082,-0.47030652
7125,0.0886925,-0.7513161
7126,-0.08968675,0.75296056
7127,0.06626337,-0.9459306
7128,-0.122583166,0.43217167
7129,-0.08055515,0.80691504
7130,-0.08689302,0.7463317
7131,0.06764365,-0.93859124
7132,0.06764365,-0.93859124
7133,0.08055735,-0.8069211
7134,0.1748164,0.08174382
7135,0.053247835,-0.8987164
7136,0.1821111,0.12851422
7137,0.11620082,-0.47030652
7138,0.06764365,-0.93859124
7139,-0.06764365,0.93859124
7140,0.053247835,-0.8987164
7141,0.066267364,-0.9459416
7142,-0.1748164,-0.08174382
7143,-0.06698587,0.7693296
7144,-0.053247835,0.8987164
7145,-0.1748164,-0.08174382
7146,0.11620082,-0.47030652
7147,0.121696025,-0.4185518
7148,-0.053247318,0.89871496
7149,0.03165767,-0.21380606
7150,-0.08419381,0.7388552
7151,0.073155,-0.87571853
7152,-0.053247325,0.898715
7153,0.08694481,-0.74588645
7154,-0.06698587,0.7693296
7155,0.12439877,-0.4260381
7156,-0.086893015,0.7463317
7157,-0.15556705,0.110515654
7158,-0.07906912,0.292621
7159,-0.11620082,0.47030652
7160,0.06953991,-0.8768678
7161,-0.0805887,0.8070079
7162,-0.06764365,0.93859124
7163,0.08689301,-0.7463317
7164,-0.06764365,0.93859124
7165,0.053247366,-0.8987151
7166,0.14830697,-0.200867
7167,-0.05324745,0.8987153
7168,-0.12439877,0.4260381
7169,0.06764365,-0.93859124
7170,0.06764365,-0.93859124
7171,-0.1821111,-0.12851422
7172,0.15556705,-0.110515654
7173,-0.06698587,0.7693296
7174,0.053247325,-0.898715
7175,0.1748164,0.08174382
7176,0.11620082,-0.47030652
7177,-0.15556705,0.110515654
7178,-0.06674391,0.93609905
7179,-0.11620082,0.47030652
7180,-0.06764365,0.93859124
7181,0.15556705,-0.110515654
7182,0.06764365,-0.93859124
7183,0.0806117,-0.8070716
7184,0.033338476,-0.87528276
7185,-0.053247306,0.89871496
7186,0.06812818,-0.7227206
7187,-0.06583159,0.94469106
7188,-0.06698587,0.7693296
7189,-0.12440234,0.42600438
7190,0.06764365,-0.93859124
7191,0.06700854,-0.936832
7192,-0.06764365,0.93859124
7193,-0.11620082,0.47030652
7194,0.06635921,-0.946196
7195,0.023451157,-0.49568272
7196,-0.11620082,0.47030652
7197,-0.121696025,0.4185518
7198,0.0769959,-0.7189178
7199,0.06698587,-0.7693296
7200,-0.09695145,0.662566
7201,-0.053247355,0.8987151
7202,0.043705583,-0.62670726
7203,0.06764365,-0.93859124
7204,0.1748164,0.08174382
7205,-0.11620082,0.47030652
7206,-0.11620082,0.47030652
7207,-0.053764004,0.5429416
7208,-0.08689301,0.7463317
7209,0.09394026,0.3727377
7210,0.1748164,0.08174382
7211,0.036943186,-0.8071288
7212,0.06698587,-0.7693296
7213,-0.06764365,0.93859124
7214,-0.09326281,0.7192811
7215,-0.080665976,0.807222
7216,0.11453393,0.24871962
7217,0.06624763,-0.94588697
7218,-0.11620082,0.47030652
7219,0.05324765,-0.8987159
7220,0.067350455,-0.9377791
7221,0.11620082,-0.47030652
7222,-0.06764365,0.93859124
7223,-0.11620082,0.47030652
7224,-0.06764365,0.93859124
7225,0.12170312,-0.41852784
7226,-0.06697638,0.93674296
7227,0.09695145,-0.662566
7228,0.08689301,-0.7463317
7229,0.09326281,-0.7192811
7230,-0.08056006,0.80692863
7231,-0.019859534,0.6429809
7232,-0.06764365,0.93859124
7233,-0.1766159,-0.07675947
7234,0.053247493,-0.89871544
7235,0.06953991,-0.8768678
7236,0.16491929,0.109157756
7237,-0.085401975,0.49150056
7238,-0.053247835,0.8987164
7239,-0.15556705,0.110515654
7240,0.06764365,-0.93859124
7241,-0.06764365,0.93859124
7242,-0.06764365,0.93859124
7243,0.0886925,-0.7513161
7244,-0.1821111,-0.12851422
7245,0.06764365,-0.93859124
7246,-0.08060198,0.80704474
7247,0.06698587,-0.7693296
7248,0.05324731,-0.89871496
7249,-0.15556705,0.110515654
7250,0.06764365,-0.93859124
7251,0.086893,-0.7463317
7252,0.057961173,-0.64209354
7253,0.17753175,0.08538525
7254,-0.06764365,0.93859124
7255,-0.11620082,0.47030652
7256,0.053247828,-0.8987164
7257,-0.06698587,0.7693296
7258,0.11620082,-0.47030652
7259,-0.18301435,-0.12601231
7260,0.066377476,-0.9462466
7261,-0.08058267,0.8069912
7262,0.15556705,-0.110515654
7263,0.11620082,-0.47030652
7264,0.05324743,-0.89871526
7265,0.06649005,-0.9465585
7266,0.15556705,-0.110515654
7267,0.06764365,-0.93859124
7268,0.11620082,-0.47030652
7269,0.18301435,0.12601231
7270,0.08099811,-0.4509374
7271,-0.043705583,0.62670726
7272,0.06764365,-0.93859124
7273,-0.08689299,0.74633163
7274,-0.06764365,0.93859124
7275,-0.023925468,-0.7016553
7276,-0.06764365,0.93859124
7277,-0.06764365,0.93859124
7278,-0.08689302,0.7463317
7279,0.053247306,-0.89871496
7280,0.06764365,-0.93859124
7281,0.09695145,-0.662566
7282,-0.06655776,0.946746
7283,0.1748164,0.08174382
7284,0.08099811,-0.4509374
7285,0.12078017,-0.4271776
7286,-0.14913054,0.19311038
7287,0.06764365,-0.93859124
7288,0.17753175,0.08538525
7289,0.06764365,-0.93859124
7290,-0.12439877,0.4260381
7291,-0.06764365,0.93859124
7292,0.053247575,-0.8987157
7293,-0.053247362,0.8987151
7294,0.09326281,-0.7192811
7295,-0.11891617,0.4666651
7296,0.08066519,-0.8072198
7297,-0.08689302,0.7463317
7298,-0.15556705,0.110515654
7299,0.15556705,-0.110515654
7300,-0.053247306,0.89871496
7301,0.088692464,-0.751316
7302,-0.11891617,0.4666651
7303,-0.04706332,0.9211139
7304,0.06698587,-0.7693296
7305,0.11620082,-0.47030652
7306,-0.08055128,0.8069043
7307,-0.08066966,0.8072322
7308,-0.06764365,0.93859124
7309,0.06697751,-0.93674606
7310,0.06698587,-0.7693296
7311,-0.09695145,0.662566
7312,0.06764365,-0.93859124
7313,-0.014135763,-0.64509535
7314,0.023556467,-0.8164746
7315,-0.06764365,0.93859124
7316,0.15556705,-0.110515654
7317,-0.01985943,0.6429819
7318,0.053247325,-0.898715
7319,0.053247318,-0.89871496
7320,0.1721172,0.08922036
7321,-0.06764365,0.93859124
7322,0.053247347,-0.8987151
7323,0.1748164,0.08174382
7324,0.06764365,-0.93859124
7325,-0.05324783,0.8987164
7326,-0.06764365,0.93859124
7327,-0.08540198,0.49150056
7328,-0.062216483,0.9458838
7329,-0.02488539,0.83685595
7330,0.08067258,-0.80724025
7331,0.06764365,-0.93859124
7332,0.15556705,-0.110515654
7333,0.086892985,-0.74633163
7334,0.06764365,-0.93859124
7335,-0.053247675,0.898716
7336,-0.06637816,0.94624853
7337,0.1821111,0.12851422
7338,-0.06764365,0.93859124
7339,0.09695145,-0.662566
7340,0.05367484,-0.21103187
7341,0.06764365,-0.93859124
7342,-0.080658324,0.8072008
7343,-0.08689301,0.7463317
7344,0.06997334,-0.5302516
7345,0.02392546,0.7016554
7346,-0.11620082,0.47030652
7347,-0.09326281,0.7192811
7348,0.15556705,-0.110515654
7349,0.06764365,-0.93859124
7350,-0.06404471,0.92862254
7351,-0.0769959,0.7189178
7352,0.08058939,-0.8070099
7353,0.06764365,-0.93859124
7354,0.0932628,-0.7192811
7355,0.11620082,-0.47030652
7356,0.080569305,-0.8069542
7357,-0.06764365,0.93859124
7358,0.06764365,-0.93859124
7359,-0.11620082,0.47030652
7360,0.1821111,0.12851422
7361,0.06764365,-0.93859124
7362,0.1821111,0.12851422
7363,-0.06624195,0.9458713
7364,0.15556705,-0.110515654
7365,0.06698587,-0.7693296
7366,-0.06764365,0.93859124
7367,-0.053247318,0.89871496
7368,-0.023556467,0.8164746
7369,-0.06698587,0.7693296
7370,0.06698587,-0.7693296
7371,-0.06764365,0.93859124
7372,0.0769959,-0.7189178
7373,-0.1748164,-0.08174382
7374,-0.1748164,-0.08174382
7375,-0.06764365,0.93859124
7376,0.087808885,-0.73770595
7377,0.05324783,-0.8987164
7378,-0.06764365,0.93859124
7379,0.13983048,0.24567042
7380,0.08099811,-0.4509374
7381,0.12440234,-0.42600438
7382,0.06698587,-0.7693296
7383,-0.06764365,0.93859124
7384,0.06698587,-0.7693296
7385,-0.053247347,0.8987151
7386,-0.06764365,0.93859124
7387,-0.15556705,0.110515654
7388,-0.07223912,0.8843442
7389,0.18031162,0.13349856
7390,-0.05324734,0.898715
7391,0.06698587,-0.7693296
7392,0.06629482,-0.9460177
7393,0.1721172,0.08922036
7394,-0.06698587,0.7693296
7395,-0.095090926,0.7020632
7396,-0.05324783,0.8987164
7397,-0.06764365,0.93859124
7398,-0.12166378,0.44078773
7399,-0.11620082,0.47030652
7400,0.06698587,-0.7693296
7401,-0.18031162,-0.13349856
7402,0.06764365,-0.93859124
7403,0.08689299,-0.74633163
7404,0.11620082,-0.47030652
7405,-0.08056015,0.8069289
7406,0.06674391,-0.93609905
7407,0.06698587,-0.7693296
7408,-0.1821111,-0.12851422
7409,0.053247318,-0.89871496
7410,-0.05324749,0.89871544
7411,0.05141557,-0.9159665
7412,0.06733001,-0.9377225
7413,-0.0769959,0.7189178
7414,0.06764365,-0.93859124
7415,-0.15556705,0.110515654
7416,0.18301792,0.12604599
7417,0.08689299,-0.74633163
7418,0.11620082,-0.47030652
7419,0.12440234,-0.42600438
7420,-0.1821111,-0.12851422
7421,0.15556705,-0.110515654
7422,-0.08064295,0.80715823
7423,-0.06698587,0.7693296
7424,0.080638215,-0.8071451
7425,-0.066463135,0.9464839
7426,-0.18301435,-0.12601231
7427,0.18301436,0.12601231
7428,0.09326281,-0.71928114
7429,0.05324783,-0.8987164
7430,0.06764365,-0.93859124
7431,0.05324768,-0.898716
7432,0.18301792,0.12604599
7433,0.066959985,-0.93669754
7434,-0.053247306,0.89871496
7435,-0.11620082,0.47030652
7436,-0.1821111,-0.12851422
7437,-0.09509096,0.70206326
7438,-0.0805675,0.8069492
7439,0.065828055,-0.9447248
7440,0.11620082,-0.47030652
7441,0.08689302,-0.7463317
7442,0.15556705,-0.110515654
7443,-0.11620082,0.47030652
7444,0.09326281,-0.7192811
7445,0.053247474,-0.8987154
7446,0.06764365,-0.93859124
7447,0.1821111,0.12851422
7448,0.11620082,-0.47030652
7449,0.06764365,-0.93859124
7450,0.053247824,-0.8987164
7451,0.12440234,-0.42600438
7452,0.05233197,-0.90734214
7453,0.053247556,-0.8987156
7454,-0.17753175,-0.08538525
7455,0.15556705,-0.110515654
7456,0.06953991,-0.8768678
7457,-0.090563595,0.71180457
7458,0.04706332,-0.9211139
7459,0.06764365,-0.93859124
7460,-0.06624775,0.9458873
7461,0.09695145,-0.662566
7462,-0.15556705,0.110515654
7463,0.06764365,-0.93859124
7464,-0.11620082,0.47030652
7465,0.06698587,-0.7693296
7466,-0.12439877,0.4260381
7467,0.053247828,-0.8987164
7468,-0.08055637,0.8069184
7469,-0.05324783,0.8987164
7470,-0.09509453,0.7020295
7471,0.05324783,-0.8987164
7472,0.07251123,-0.88509804
7473,0.06698587,-0.7693296
7474,0.0805487,-0.80689716
7475,0.18301435,0.12601231
7476,-0.05143223,0.90485
7477,0.18301435,0.12601231
7478,-0.11620082,0.47030652
7479,-0.08689301,0.7463317
7480,-0.06697386,0.936736
7481,0.033657193,-0.8611537
7482,0.067706086,-0.9599777
7483,-0.08099811,0.4509374
7484,-0.06764365,0.93859124
7485,-0.05142769,0.9158524
7486,-0.0886925,0.7513161
7487,-0.0886925,0.7513161
7488,-0.06698587,0.7693296
7489,0.11620082,-0.47030652
7490,0.06764365,-0.93859124
7491,0.05324733,-0.898715
7492,0.1748164,0.08174382
7493,-0.06764365,0.93859124
7494,-0.053247824,0.8987164
7495,-0.06698587,0.7693296
7496,0.06735898,-0.93780273
7497,0.08056058,-0.80693007
7498,-0.05356081,0.91393256
7499,-0.06764365,0.93859124
7500,-0.080567926,0.8069504
7501,-0.06764365,0.93859124
7502,0.053247385,-0.89871514
7503,0.18031162,0.13349856
7504,0.05540218,-0.65910554
7505,-0.18301435,-0.12601231
7506,0.06764365,-0.93859124
7507,-0.080635585,0.80713785
7508,0.06764365,-0.93859124
7509,-0.09695145,0.662566
7510,-0.03165767,0.21380606
7511,-0.1748164,-0.08174382
7512,0.15556705,-0.110515654
7513,0.08689301,-0.7463317
7514,-0.0669665,0.9367156
7515,-0.053247306,0.89871496
7516,-0.080580145,0.80698425
7517,0.06764365,-0.93859124
7518,-0.053247835,0.8987164
7519,-0.06764365,0.93859124
7520,0.05324734,-0.898715
7521,0.053247403,-0.8987152
7522,-0.053247314,0.89871496
7523,0.0905152,-0.74515843
7524,-0.06764365,0.93859124
7525,0.06698587,-0.7693296
7526,-0.053247437,0.8987153
7527,-0.06764365,0.93859124
7528,0.18031162,0.13349856
7529,-0.095090926,0.7020632
7530,0.053764004,-0.5429416
7531,0.06764365,-0.93859124
7532,-0.06694851,0.9366658
7533,0.06698587,-0.7693296
7534,0.06764365,-0.93859124
7535,-0.08057862,0.80698
7536,0.08689301,-0.7463317
7537,-0.1748164,-0.08174382
7538,-0.0769959,0.7189178
7539,-0.06764365,0.93859124
7540,0.043705583,-0.62670726
7541,0.08057135,-0.80695987
7542,0.16491929,0.109157756
7543,0.06698587,-0.7693296
7544,0.053764004,-0.5429416
7545,0.06625831,-0.9459166
7546,0.06764365,-0.93859124
7547,0.05324734,-0.898715
7548,-0.1748164,-0.08174382
7549,0.1748164,0.08174382
7550,0.059053563,-0.86220086
7551,0.08689299,-0.74633163
7552,0.06953991,-0.8768678
7553,-0.066228636,0.9458344
7554,0.14917207,-0.15977818
7555,-0.18301792,-0.12604599
7556,-0.06762752,0.9497091
7557,-0.06620282,0.9457629
7558,-0.06698587,0.7693296
7559,-0.053247835,0.8987164
7560,0.06764365,-0.93859124
7561,-0.06698574,0.9367689
7562,-0.06698587,0.7693296
7563,0.061717406,-0.7831016
7564,-0.053247314,0.89871496
7565,0.080586925,-0.807003
7566,-0.06764365,0.93859124
7567,-0.06764365,0.93859124
7568,-0.1748164,-0.08174382
7569,-0.05324732,0.89871496
7570,0.15556705,-0.110515654
7571,0.08060296,-0.8070474
7572,-0.06698587,0.7693296
7573,-0.053247362,0.8987151
7574,-0.05367695,0.91660535
7575,0.06694835,-0.9366653
7576,0.06674391,-0.93609905
7577,0.11620082,-0.47030652
7578,0.15556705,-0.110515654
7579,-0.06764365,0.93859124
7580,-0.14642447,0.18565556
7581,-0.09326281,0.7192811
7582,-0.11620082,0.47030652
7583,0.05324757,-0.8987157
7584,0.1766159,0.07675947
7585,0.09509096,-0.70206326
7586,0.08055925,-0.80692637
7587,0.06764365,-0.93859124
7588,0.06622911,-0.9458357
7589,0.08057698,-0.8069755
7590,0.09509096,-0.70206326
7591,-0.08055654,0.80691886
7592,-0.0886925,0.7513161
7593,0.11620082,-0.47030652
7594,-0.06764365,0.93859124
7595,0.06621387,-0.9457935
7596,-0.11620082,0.47030652
7597,-0.057961196,0.6420936
7598,-0.1748164,-0.08174382
7599,0.12439877,-0.4260381
7600,0.06698587,-0.7693296
7601,0.08056354,-0.80693823
7602,0.053247526,-0.89871556
7603,0.11620082,-0.47030652
7604,0.0769959,-0.7189178
7605,0.04706344,-0.9211141
7606,-0.06764365,0.93859124
7607,0.12078017,-0.4271776
7608,0.1748164,0.08174382
7609,0.06696007,-0.9366978
7610,0.06698587,-0.7693296
7611,0.08062457,-0.8071073
7612,-0.08057921,0.8069816
7613,0.1721172,0.08922036
7614,0.06764365,-0.93859124
7615,-0.053247835,0.8987164
7616,0.06764365,-0.93859124
7617,0.1821111,0.12851422
7618,-0.08054818,0.80689573
7619,-0.1821111,-0.12851422
7620,-0.09695145,0.662566
7621,0.06764365,-0.93859124
7622,0.06764365,-0.93859124
7623,0.11620082,-0.47030652
7624,-0.06953991,0.8768678
7625,0.080595195,-0.8070259
7626,-0.053247835,0.8987164
7627,0.06623463,-0.94585097
7628,-0.06583159,0.94469106
7629,-0.06698587,0.7693296
7630,-0.06764365,0.93859124
7631,-0.06698587,0.7693296
7632,0.06698587,-0.7693296
7633,-0.08057931,0.8069819
7634,-0.15556705,0.110515654
7635,-0.080617,0.80708635
7636,0.15556705,-0.110515654
7637,0.053247314,-0.89871496
7638,0.08689301,-0.7463317
7639,0.05169031,-0.72696257
7640,-0.053247325,0.898715
7641,-0.05324732,0.89871496
7642,0.1748164,0.08174382
7643,-0.06698587,0.7693296
7644,-0.04050713,0.7749418
7645,-0.10944986,0.53393096
7646,-0.06764365,0.93859124
7647,-0.06764365,0.93859124
7648,0.06764365,-0.93859124
7649,-0.11620082,0.47030652
7650,0.08055103,-0.8069036
7651,-0.11620082,0.47030652
7652,-0.06698587,0.7693296
7653,-0.1821111,-0.12851422
7654,0.1748164,0.08174382
7655,0.067009024,-0.9368334
7656,-0.1821111,-0.12851422
7657,0.06698587,-0.7693296
7658,0.05324733,-0.898715
7659,0.066481195,-0.9465339
7660,0.06616793,-0.9456662
7661,0.061771963,-0.6320549
7662,0.06698587,-0.7693296
7663,-0.11891617,0.4666651
7664,0.04916735,-0.36695555
7665,0.15556705,-0.110515654
7666,-0.06764365,0.93859124
7667,0.06764365,-0.93859124
7668,0.050075363,-0.5996567
7669,-0.06632193,0.9460928
7670,-0.11453393,-0.24871962
7671,0.07407086,-0.8670927
7672,0.06764365,-0.93859124
7673,0.1748164,0.08174382
7674,0.0905152,-0.74515843
7675,-0.0886925,0.7513161
7676,0.08065608,-0.8071946
7677,-0.0769959,0.7189178
7678,-0.06732886,0.9377193
7679,0.1821111,0.12851422
7680,-0.06628515,0.9459909
7681,0.05324734,-0.898715
7682,-0.06630544,0.9460471
7683,-0.069914654,0.49660176
7684,0.053247333,-0.898715
7685,0.080590546,-0.80701303
7686,-0.08689302,0.7463317
7687,0.15556705,-0.110515654
7688,0.06764365,-0.93859124
7689,-0.06764365,0.93859124
7690,-0.09695145,0.662566
7691,-0.06764365,0.93859124
7692,0.15556705,-0.110515654
7693,-0.06764365,0.93859124
7694,0.053247314,-0.89871496
7695,0.1748164,0.08174382
7696,0.053247835,-0.8987164
7697,0.011567224,-0.75290704
7698,-0.032326132,0.8724787
7699,-0.0886925,0.7513161
7700,-0.18031162,-0.13349856
7701,0.1821111,0.12851422
7702,-0.08689301,0.7463317
7703,-0.06764365,0.93859124
7704,0.08689301,-0.7463317
7705,0.16491929,0.109157756
7706,0.06694584,-0.9366584
7707,0.06764365,-0.93859124
7708,-0.08058068,0.80698574
7709,-0.087808885,0.73770595
7710,-0.064991415,0.9526468
7711,-0.018173076,-0.65446347
7712,-0.08689302,0.7463317
7713,0.06953991,-0.8768678
7714,0.053247772,-0.8987162
7715,0.06698587,-0.7693296
7716,0.18301791,0.126046
7717,-0.06764365,0.93859124
7718,-0.06698587,0.7693296
7719,0.11620082,-0.47030652
7720,-0.06695678,0.93668866
7721,0.1748164,0.08174382
7722,-0.11891617,0.4666651
7723,0.11620082,-0.47030652
7724,-0.06764365,0.93859124
7725,-0.1748164,-0.08174382
7726,-0.08419381,0.7388552
7727,-0.08063709,0.80714196
7728,-0.10630369,0.44289267
7729,-0.08060333,0.8070485
7730,0.034143653,-0.86635035
7731,-0.0932628,0.7192811
7732,-0.1519197,0.13390082
7733,-0.0905152,0.74515843
7734,-0.15187839,0.16723077
7735,0.05324731,-0.89871496
7736,-0.10630369,0.4428926
7737,-0.06666582,0.9470453
7738,0.11620082,-0.47030652
7739,-0.08064945,0.80717623
7740,-0.06953991,0.8768678
7741,-0.1748164,-0.08174382
7742,-0.066987716,0.9367744
7743,-0.0769959,0.7189178
7744,-0.11620082,0.47030652
7745,0.08689301,-0.7463317
7746,0.07998498,-0.2839952
7747,0.06764365,-0.93859124
7748,0.0805539,-0.8069115
7749,0.08689301,-0.7463317
7750,-0.11625914,0.4697997
7751,0.05324732,-0.89871496
7752,0.095090926,-0.7020632
7753,0.08055761,-0.80692184
7754,-0.15556705,0.110515654
7755,-0.080627225,0.80711466
7756,-0.06764365,0.93859124
7757,0.11620082,-0.47030652
7758,0.06698587,-0.7693296
7759,0.11620082,-0.47030652
7760,0.06696399,-0.9367086
7761,-0.13799874,-0.22841889
7762,0.053560957,-0.91393113
7763,0.06764365,-0.93859124
7764,0.06764365,-0.93859124
7765,-0.18301792,-0.12604599
7766,0.06764365,-0.93859124
7767,0.08063148,-0.8071264
7768,-0.024885397,0.83685595
7769,-0.08056079,0.80693066
7770,-0.06764365,0.93859124
7771,-0.019630976,-0.6968501
7772,-0.11620082,0.47030652
7773,0.09695145,-0.662566
7774,-0.06764365,0.93859124
7775,0.08060309,-0.8070478
7776,-0.08689301,0.7463317
7777,-0.06764365,0.93859124
7778,-0.05324732,0.89871496
7779,0.08689301,-0.7463317
7780,-0.06764365,0.93859124
7781,-0.06997348,0.53025204
7782,0.06764365,-0.93859124
7783,-0.1821111,-0.12851422
7784,0.06764365,-0.93859124
7785,-0.1748164,-0.08174382
7786,-0.08689301,0.7463317
7787,0.15556705,-0.110515654
7788,0.06698587,-0.7693296
7789,-0.0769959,0.7189178
7790,0.080597416,-0.8070321
7791,-0.09695145,0.662566
7792,0.16491929,0.109157756
7793,0.053247314,-0.89871496
7794,0.053247314,-0.89871496
7795,-0.06698587,0.7693296
7796,-0.12440234,0.42600438
7797,-0.053247757,0.8987162
7798,-0.05367695,0.91660535
7799,-0.080604,0.80705035
7800,-0.06698587,0.7693296
7801,-0.06764365,0.93859124
7802,0.0896887,-0.75294214
7803,0.06764365,-0.93859124
7804,-0.066242896,0.9458739
7805,-0.15556705,0.110515654
7806,0.08689301,-0.7463317
7807,-0.06698587,0.7693296
7808,0.08689302,-0.7463317
7809,0.16063085,0.14848393
7810,-0.08055144,0.80690473
7811,0.05141557,-0.9159665
7812,-0.16491929,-0.109157756
7813,0.06764365,-0.93859124
7814,0.08056141,-0.80693233
7815,0.06698587,-0.7693296
7816,-0.15971509,-0.13985802
7817,-0.095090926,0.7020632
7818,0.053247362,-0.8987151
7819,-0.06764365,0.93859124
7820,-0.08055712,0.80692047
7821,0.1821111,0.12851422
7822,0.03165767,-0.21380606
7823,0.1766159,0.07675947
7824,-0.15556705,0.110515654
7825,0.09239533,-0.694553
7826,-0.09509096,0.70206326
7827,0.03165767,-0.21380606
7828,0.08689301,-0.7463317
7829,-0.06764365,0.93859124
7830,0.11620082,-0.47030652
7831,0.08060333,-0.8070485
7832,-0.15556705,0.110515654
7833,0.0769959,-0.7189178
7834,0.11620082,-0.47030652
7835,-0.17753175,-0.08538525
7836,0.08056617,-0.80694556
7837,0.06171705,-0.7831013
7838,0.0662101,-0.945783
7839,0.12078017,-0.4271776
7840,-0.06764365,0.93859124
7841,-0.06764365,0.93859124
7842,0.053247835,-0.8987164
7843,-0.17753175,-0.08538525
7844,-0.1112581,0.37053114
7845,-0.18119523,-0.11988841
7846,-0.15556705,0.110515654
7847,-0.06764365,0.93859124
7848,-0.019859515,0.6429811
7849,-0.08689302,0.7463317
7850,0.06698629,-0.93677044
7851,0.080591224,-0.80701494
7852,-0.057137612,0.8262298
7853,-0.06616787,0.9456661
7854,-0.17939928,-0.12486304
7855,-0.06764365,0.93859124
7856,-0.06583158,0.94469106
7857,-0.04098241,0.9098513
7858,0.05141557,-0.9159665
7859,0.08099811,-0.4509374
7860,0.06698587,-0.7693296
7861,-0.06698587,0.7693296
7862,-0.06764365,0.93859124
7863,-0.05324736,0.8987151
7864,0.09695145,-0.662566
7865,-0.06764365,0.93859124
7866,-0.071695134,0.6891248
7867,-0.03165767,0.21380606
7868,-0.06698587,0.7693296
7869,-0.1721172,-0.08922036
7870,0.08059323,-0.8070205
7871,-0.08056524,0.80694294
7872,0.06623534,-0.94585294
7873,-0.053247835,0.8987164
7874,0.080606565,-0.80705744
7875,0.05540218,-0.65910554
7876,-0.05143223,0.90485
7877,-0.11620082,0.47030652
7878,0.08689302,-0.7463317
7879,0.06609603,-0.94546705
7880,0.15556705,-0.110515654
7881,-0.08020781,0.80929404
7882,0.1821111,0.12851422
7883,-0.05143223,0.90485
7884,-0.06764365,0.93859124
7885,0.06698587,-0.7693296
7886,0.09326281,-0.7192811
7887,-0.12439877,0.4260381
7888,-0.12439877,0.4260381
7889,0.053247318,-0.89871496
7890,-0.06698587,0.7693296
7891,0.06764365,-0.93859124
7892,0.15556705,-0.110515654
7893,-0.0769959,0.7189178
7894,-0.1721172,-0.08922036
7895,-0.053247824,0.8987164
7896,-0.06634704,0.94616234
7897,-0.086892985,0.74633163
7898,-0.053247835,0.8987164
7899,-0.08064411,0.80716145
7900,-0.086892985,0.74633163
7901,0.086893,-0.7463317
7902,0.043705583,-0.62670726
7903,-0.053247456,0.8987154
7904,-0.12078369,0.42718732
7905,-0.06764365,0.93859124
7906,0.053247347,-0.8987151
7907,0.1821111,0.12851422
7908,-0.1748164,-0.08174382
7909,-0.07586129,0.8831711
7910,0.08056076,-0.80693054
7911,0.06698587,-0.7693296
7912,-0.15556705,0.110515654
7913,0.08292402,-0.5833719
7914,0.06764365,-0.93859124
7915,0.11620082,-0.47030652
7916,0.06764365,-0.93859124
7917,0.11620082,-0.47030652
7918,-0.08689301,0.7463317
7919,-0.11620082,0.47030652
7920,0.09695145,-0.662566
7921,-0.03598031,0.8491109
7922,0.06625023,-0.9458942
7923,0.1748164,0.08174382
7924,0.15556705,-0.110515654
7925,0.08689301,-0.7463317
7926,0.16770267,0.15726133
7927,0.06764365,-0.93859124
7928,0.14917207,-0.15977818
7929,0.12439877,-0.4260381
7930,0.121696025,-0.4185518
7931,-0.053247824,0.8987164
7932,-0.15556705,0.110515654
7933,-0.06764365,0.93859124
7934,-0.06764365,0.93859124
7935,0.06764365,-0.93859124
7936,-0.06764365,0.93859124
7937,-0.06764365,0.93859124
7938,0.17753175,0.08538525
7939,0.053247333,-0.898715
7940,-0.08057192,0.8069615
7941,-0.08059412,0.8070229
7942,-0.15556705,0.110515654
7943,0.06698587,-0.7693296
7944,0.053247835,-0.8987164
7945,-0.06764365,0.93859124
7946,0.08055908,-0.8069259
7947,-0.09326281,0.7192811
7948,-0.11620082,0.47030652
7949,0.053247657,-0.8987159
7950,-0.06764365,0.93859124
7951,-0.18301791,-0.126046
7952,0.11891617,-0.4666651
7953,-0.15556705,0.110515654
7954,-0.121696025,0.4185518
7955,0.08099811,-0.4509374
7956,-0.05324769,0.898716
7957,-0.06854339,0.9410834
7958,-0.06764365,0.93859124
7959,0.06633124,-0.9461186
7960,0.11620082,-0.47030652
7961,-0.1748164,-0.08174382
7962,-0.06698587,0.7693296
7963,0.053247835,-0.8987164
7964,-0.11620082,0.47030652
7965,-0.06764365,0.93859124
7966,0.053247333,-0.898715
7967,0.08689301,-0.7463317
7968,0.08066155,-0.80720973
7969,-0.080614984,0.80708075
7970,0.068543375,-0.9410833
7971,0.095090926,-0.7020632
7972,0.11620082,-0.47030652
7973,0.06764365,-0.93859124
7974,0.053247314,-0.89871496
7975,0.06764365,-0.93859124
7976,0.06764365,-0.93859124
7977,0.05324783,-0.8987164
7978,-0.06764365,0.93859124
7979,-0.09509096,0.70206326
7980,-0.11620082,0.47030652
7981,-0.055971075,0.76868546
7982,-0.053807165,0.5430611
7983,-0.12170312,0.41852784
7984,0.06698587,-0.7693296
7985,-0.05324732,0.89871496
7986,0.15556705,-0.110515654
7987,0.080557644,-0.8069219
7988,0.06619456,-0.94574
7989,-0.07254538,0.8851926
7990,0.02488539,-0.83685595
7991,0.06764365,-0.93859124
7992,0.08689302,-0.7463317
7993,-0.08057698,0.8069755
7994,0.05540218,-0.65910554
7995,0.06698587,-0.7693296
7996,0.053807165,-0.5430611
7997,-0.12439877,0.4260381
7998,-0.08689301,0.7463317
7999,0.11620082,-0.47030652
8000,0.0769959,-0.7189178
8001,0.08067584,-0.8072493
8002,0.15556705,-0.110515654
8003,0.095090926,-0.7020632
8004,0.08419381,-0.7388552
8005,0.06764365,-0.93859124
8006,0.05324783,-0.8987164
8007,-0.06698587,0.7693296
8008,-0.05324731,0.89871496
8009,-0.0805506,0.8069024
8010,-0.08689302,0.7463317
8011,-0.15556705,0.110515654
8012,-0.17939708,-0.12486912
8013,0.18301435,0.12601231
8014,0.08056661,-0.80694675
8015,0.06764365,-0.93859124
8016,-0.086892985,0.74633163
8017,-0.053247314,0.89871496
8018,0.086893015,-0.7463317
8019,-0.15556705,0.110515654
8020,0.08056433,-0.80694044
8021,0.11453393,0.24871962
8022,0.06698587,-0.7693296
8023,-0.0905152,0.74515843
8024,0.056094225,-0.7675258
8025,0.09326281,-0.7192811
8026,0.053247314,-0.89871496
8027,-0.09326281,0.71928114
8028,0.09326281,-0.71928114
8029,-0.06762752,0.9497091
8030,-0.06764365,0.93859124
8031,-0.06764365,0.93859124
8032,0.15556705,-0.110515654
8033,-0.09509096,0.70206326
8034,0.06616676,-0.945663
8035,-0.08062807,0.807117
8036,0.12078369,-0.42718732
8037,0.06764365,-0.93859124
8038,0.09695145,-0.662566
8039,0.06764365,-0.93859124
8040,-0.06764365,0.93859124
8041,0.08054791,-0.80689496
8042,0.06953991,-0.8768678
8043,0.053247392,-0.8987152
8044,-0.053247835,0.8987164
8045,-0.095090926,0.7020632
8046,-0.05324732,0.89871496
8047,0.05324762,-0.8987158
8048,-0.019630976,-0.6968501
8049,0.05630597,-0.8880783
8050,0.080615215,-0.8070814
8051,-0.11453393,-0.24871962
8052,0.08689301,-0.7463317
8053,-0.06764365,0.93859124
8054,-0.06698587,0.7693296
8055,-0.1748164,-0.08174382
8056,0.15556705,-0.110515654
8057,0.067704596,-0.95999175
8058,-0.08065876,0.807202
8059,-0.13799874,-0.22841889
8060,-0.08689299,0.74633163
8061,-0.09239175,0.6945867
8062,0.069973946,-0.5302533
8063,-0.12440234,0.4260044
8064,0.06698587,-0.7693296
8065,0.11620082,-0.47030652
8066,0.11620082,-0.47030652
8067,-0.15556705,0.110515654
8068,-0.080606565,0.80705744
8069,-0.06617187,0.94567716
8070,-0.08055674,0.80691946
8071,0.06614882,-0.94561327
8072,-0.053247828,0.8987164
8073,-0.053247448,0.8987153
8074,0.15556705,-0.110515654
8075,-0.06764365,0.93859124
8076,-0.062216483,0.9458838
8077,0.0769959,-0.7189178
8078,0.15556705,-0.110515654
8079,-0.15556705,0.110515654
8080,-0.06698587,0.7693296
8081,0.06764365,-0.93859124
8082,0.06698587,-0.7693296
8083,0.053247403,-0.8987152
8084,0.053247605,-0.8987158
8085,-0.05244068,0.66255224
8086,-0.06698587,0.7693296
8087,-0.08059542,0.80702657
8088,0.06698587,-0.7693296
8089,0.06764365,-0.93859124
8090,0.06764365,-0.93859124
8091,0.086893,-0.7463317
8092,0.05324732,-0.89871496
8093,0.053247824,-0.8987164
8094,-0.11620082,0.47030652
8095,-0.0806057,0.80705506
8096,0.07254138,-0.8851815
8097,-0.08056243,0.8069352
8098,-0.06764365,0.93859124
8099,-0.15556705,0.110515654
8100,-0.053247385,0.89871514
8101,0.05141557,-0.9159665
8102,0.09509096,-0.70206326
8103,-0.15556705,0.110515654
8104,0.0769959,-0.7189178
8105,-0.024885397,0.83685595
8106,-0.09326281,0.71928114
8107,0.06698587,-0.7693296
8108,0.066212654,-0.9457901
8109,0.06764365,-0.93859124
8110,-0.053247835,0.8987164
8111,-0.053247362,0.8987151
8112,0.08066192,-0.80721074
8113,0.15556705,-0.110515654
8114,0.05380717,-0.54306114
8115,-0.05540218,0.65910554
8116,-0.053676944,0.91660535
8117,0.11620082,-0.47030652
8118,0.053247802,-0.89871633
8119,-0.05324743,0.89871526
8120,0.06629458,-0.946017
8121,-0.066948675,0.9366662
8122,-0.1748164,-0.08174382
8123,-0.11620082,0.47030652
8124,0.1748164,0.08174382
8125,-0.06764365,0.93859124
8126,0.053247754,-0.89871615
8127,0.06764365,-0.93859124
8128,0.095090926,-0.7020632
8129,0.08055785,-0.8069225
8130,0.06764365,-0.93859124
8131,0.080579445,-0.8069823
8132,0.11620082,-0.47030652
8133,0.11620082,-0.47030652
8134,0.06764365,-0.93859124
8135,-0.05324744,0.8987153
8136,0.15556705,-0.110515654
8137,-0.08099811,0.4509374
8138,-0.08689301,0.7463317
8139,-0.08057905,0.8069812
8140,0.06764365,-0.93859124
8141,-0.053247835,0.8987164
8142,-0.053247835,0.8987164
8143,0.12440234,-0.42600438
8144,0.053247325,-0.898715
8145,-0.051903427,0.58243865
8146,0.080630206,-0.8071229
8147,0.067706116,-0.95997745
8148,0.1748164,0.08174382
8149,-0.066504136,0.94659746
8150,-0.067705356,0.9599846
8151,-0.06498648,0.9526932
8152,-0.053807177,0.54306114
8153,0.1748164,0.08174382
8154,-0.095090866,0.7020631
8155,0.15556705,-0.110515654
8156,0.053247817,-0.89871633
8157,-0.095090926,0.7020632
8158,-0.11620082,0.47030652
8159,-0.08689301,0.7463317
8160,0.15556705,-0.110515654
8161,-0.093304105,0.6859512
8162,0.11620082,-0.47030652
8163,0.06764365,-0.93859124
8164,0.053764004,-0.5429416
8165,0.06770693,-0.95996976
8166,-0.06764365,0.93859124
8167,0.06764365,-0.93859124
8168,0.08780889,-0.73770595
8169,-0.080568716,0.8069526
8170,0.11620082,-0.47030652
8171,-0.11620082,0.47030652
8172,0.08064262,-0.8071573
8173,-0.06698587,0.7693296
8174,-0.06764365,0.93859124
8175,0.12439877,-0.4260381
8176,0.06764365,-0.93859124
8177,-0.080554545,0.8069133
8178,-0.053247306,0.89871496
8179,-0.043705545,0.6267072
8180,0.06764365,-0.93859124
8181,0.05540218,-0.65910554
8182,0.06764365,-0.93859124
8183,0.053247835,-0.8987164
8184,-0.06650248,0.9465929
8185,-0.06764365,0.93859124
8186,-0.06764365,0.93859124
8187,0.06764365,-0.93859124
8188,-0.08056848,0.80695194
8189,0.06764365,-0.93859124
8190,-0.0886925,0.7513161
8191,0.11620082,-0.47030652
8192,0.066461004,-0.946478
8193,0.07484511,-0.3334305
8194,-0.03333857,0.87528306
8195,0.053247835,-0.8987164
8196,0.086892985,-0.74633163
8197,-0.0769959,0.7189178
8198,0.08689302,-0.7463317
8199,-0.09695145,0.662566
8200,0.09695145,-0.662566
8201,0.05233197,-0.90734214
8202,0.05324741,-0.89871526
8203,0.06764365,-0.93859124
8204,-0.03165767,0.21380606
8205,0.0769959,-0.7189178
8206,0.15556705,-0.110515654
8207,0.080556504,-0.8069188
8208,-0.06698587,0.7693296
8209,0.06698587,-0.7693296
8210,0.053247735,-0.89871615
8211,-0.1821111,-0.12851422
8212,-0.15556705,0.110515654
8213,-0.0532478,0.89871633
8214,0.053247567,-0.8987157
8215,0.09326281,-0.7192811
8216,0.06764365,-0.93859124
8217,-0.11620082,0.47030652
8218,0.11983203,-0.45803928
8219,0.08689302,-0.7463317
8220,-0.053247835,0.8987164
8221,-0.06636153,0.9462025
8222,0.06404471,-0.92862254
8223,0.066523515,-0.94665116
8224,-0.15556705,0.110515654
8225,-0.05324731,0.89871496
8226,0.053247824,-0.8987164
8227,-0.053247385,0.89871514
8228,0.06698587,-0.7693296
8229,0.06764365,-0.93859124
8230,-0.053247314,0.89871496
8231,0.06698587,-0.7693296
8232,0.08689301,-0.7463317
8233,0.05324783,-0.8987164
8234,-0.11620082,0.47030652
8235,0.15556705,-0.110515654
8236,0.06698587,-0.7693296
8237,0.11620082,-0.47030652
8238,0.053247664,-0.8987159
8239,-0.11620082,0.47030652
8240,-0.15556705,0.110515654
8241,-0.0669897,0.93677986
8242,0.06640245,-0.9463158
8243,-0.05324783,0.8987164
8244,0.050634116,-0.7110981
8245,0.1748164,0.08174382
8246,-0.08066296,0.8072136
8247,-0.09326281,0.7192811
8248,-0.06764365,0.93859124
8249,-0.066192284,0.94573367
8250,-0.088692464,0.751316
8251,0.06764365,-0.93859124
8252,-0.08059281,0.80701935
8253,0.11620082,-0.47030652
8254,0.06764365,-0.93859124
8255,0.15556705,-0.110515654
8256,-0.1821111,-0.12851422
8257,0.06764365,-0.93859124
8258,0.06764365,-0.93859124
8259,-0.06674391,0.93609905
8260,0.15556705,-0.110515654
8261,0.17753175,0.08538525
8262,-0.08689302,0.7463317
8263,0.0532478,-0.89871633
8264,0.121696025,-0.4185518
8265,-0.06764365,0.93859124
8266,-0.06698587,0.7693296
8267,0.06698587,-0.7693296
8268,-0.053807158,0.5430611
8269,0.11620082,-0.47030652
8270,-0.067335606,0.93773794
8271,0.06698587,-0.7693296
8272,-0.053247835,0.8987164
8273,-0.06764365,0.93859124
8274,-0.06764365,0.93859124
8275,-0.06698587,0.7693296
8276,0.06764365,-0.93859124
8277,-0.15556705,0.110515654
8278,0.15556705,-0.110515654
8279,0.06764365,-0.93859124
8280,0.06698587,-0.7693296
8281,-0.053247593,0.89871573
8282,-0.109450005,0.5339296
8283,-0.08689299,0.74633163
8284,-0.11453393,-0.24871962
8285,0.080607824,-0.8070609
8286,-0.09695145,0.662566
8287,-0.08058872,0.807008
8288,-0.08055441,0.80691296
8289,0.12440234,-0.42600438
8290,0.08689301,-0.7463317
8291,0.06764365,-0.93859124
8292,0.06764365,-0.93859124
8293,0.06624609,-0.94588274
8294,-0.0886925,0.7513161
8295,0.06617466,-0.9456849
8296,0.1748164,0.08174382
8297,-0.0532475,0.8987155
8298,0.09326281,-0.7192811
8299,0.11620082,-0.47030652
8300,-0.053247817,0.89871633
8301,-0.01985947,0.64298147
8302,-0.06764365,0.93859124
8303,0.06764365,-0.93859124
8304,-0.08689302,0.7463317
8305,-0.1821111,-0.12851422
8306,0.086892985,-0.74633163
8307,0.03165767,-0.21380606
8308,-0.06698587,0.7693296
8309,0.086892985,-0.74633163
8310,0.15556705,-0.110515654
8311,-0.06764365,0.93859124
8312,-0.06764365,0.93859124
8313,0.08698462,-0.74551165
8314,-0.06698587,0.7693296
8315,0.06764365,-0.93859124
8316,0.18301791,0.126046
8317,-0.05324748,0.89871544
8318,-0.06764365,0.93859124
8319,0.08058595,-0.80700034
8320,0.06764365,-0.93859124
8321,0.1748164,0.08174382
8322,-0.03414411,0.86635166
8323,-0.09695145,0.662566
8324,-0.08055988,0.8069281
8325,0.08062062,-0.80709636
8326,0.06764365,-0.93859124
8327,0.08689301,-0.7463317
8328,0.062216483,-0.9458838
8329,0.053247318,-0.89871496
8330,-0.06698587,0.7693296
8331,0.15556705,-0.110515654
8332,0.06698587,-0.7693296
8333,-0.11620082,0.47030652
8334,-0.035757147,0.73069644
8335,-0.040983137,0.9098524
8336,-0.08689302,0.7463317
8337,0.0905152,-0.74515843
8338,0.15556705,-0.110515654
8339,0.11620082,-0.47030652
8340,-0.062216483,0.9458838
8341,0.06698587,-0.7693296
8342,0.06655612,-0.94674146
8343,-0.06764365,0.93859124
8344,-0.05324731,0.89871496
8345,0.06698587,-0.7693296
8346,-0.053247835,0.8987164
8347,-0.019859448,0.6429817
8348,-0.08689301,0.7463317
8349,-0.06698587,0.7693296
8350,-0.0886925,0.7513161
8351,-0.1821111,-0.12851422
8352,-0.036943123,0.80712867
8353,-0.14917207,0.15977818
8354,-0.0932628,0.7192811
8355,-0.06764365,0.93859124
8356,0.08056321,-0.80693734
8357,0.066548295,-0.9467198
8358,-0.06698587,0.7693296
8359,0.053247377,-0.89871514
8360,0.06764365,-0.93859124
8361,0.06698587,-0.7693296
8362,-0.12440234,0.4260044
8363,0.11620082,-0.47030652
8364,0.06764365,-0.93859124
8365,-0.0769959,0.7189178
8366,0.1748164,0.08174382
8367,-0.0769959,0.7189178
8368,0.11620082,-0.47030652
8369,0.08056448,-0.80694085
8370,-0.08689301,0.7463317
8371,-0.08058449,0.8069963
8372,-0.055402275,0.65910465
8373,-0.06698587,0.7693296
8374,0.05324751,-0.8987155
8375,0.11620082,-0.47030652
8376,0.06764365,-0.93859124
8377,0.15556705,-0.110515654
8378,0.066309616,-0.9460587
8379,0.06764365,-0.93859124
8380,0.11620082,-0.47030652
8381,0.06762752,-0.9497091
8382,0.15556705,-0.110515654
8383,0.06764365,-0.93859124
8384,-0.08060764,0.8070604
8385,-0.06764365,0.93859124
8386,0.07906912,-0.292621
8387,0.06732716,-0.9377146
8388,-0.06764365,0.93859124
8389,0.13799874,0.22841889
8390,0.053247396,-0.8987152
8391,0.11620082,-0.47030652
8392,-0.08689301,0.7463317
8393,0.047063358,-0.92111397
8394,0.053247314,-0.89871496
8395,-0.0716798,0.68926907
8396,0.053247306,-0.89871496
8397,-0.08689301,0.7463317
8398,0.06658176,-0.9468125
8399,-0.15556705,0.110515654
8400,0.06764365,-0.93859124
8401,-0.08066962,0.8072321
8402,0.08062954,-0.8071211
8403,0.05380717,-0.54306114
8404,0.12439877,-0.4260381
8405,-0.05380716,0.5430611
8406,0.09695145,-0.662566
8407,0.05324757,-0.8987157
8408,0.11620082,-0.47030652
8409,-0.05324783,0.8987164
8410,0.1748164,0.08174382
8411,-0.15556705,0.110515654
8412,-0.06764365,0.93859124
8413,-0.08066166,0.80721
8414,0.11620082,-0.47030652
8415,0.08054995,-0.8069006
8416,-0.06696356,0.93670744
8417,-0.05324731,0.89871496
8418,0.12439877,-0.4260381
8419,0.024499387,-0.8190864
8420,0.11620082,-0.47030652
8421,-0.1821111,-0.12851422
8422,-0.06764365,0.93859124
8423,0.06674391,-0.93609905
8424,0.1821111,0.12851422
8425,-0.09509096,0.70206326
8426,0.15556705,-0.110515654
8427,0.1721172,0.08922036
8428,-0.15556705,0.110515654
8429,-0.0685434,0.9410834
8430,0.12440234,-0.42600438
8431,-0.15556705,0.110515654
8432,-0.06764365,0.93859124
8433,-0.06764365,0.93859124
8434,-0.11620082,0.47030652
8435,0.11620082,-0.47030652
8436,0.087808885,-0.73770595
8437,0.06764365,-0.93859124
8438,-0.15556705,0.110515654
8439,-0.08273031,0.81847763
8440,0.06281205,-0.93893576
8441,-0.05324749,0.89871544
8442,-0.12078369,0.42718732
8443,0.08419381,-0.7388552
8444,-0.06953991,0.8768678
8445,-0.08698528,0.74550533
8446,0.11620082,-0.47030652
8447,0.06764365,-0.93859124
8448,0.08057822,-0.80697894
8449,0.0663724,-0.9462326
8450,-0.053247325,0.898715
8451,0.1821111,0.12851422
8452,-0.05324731,0.89871496
8453,0.06698587,-0.7693296
8454,-0.06404471,0.92862254
8455,0.0886925,-0.7513161
8456,-0.17753175,-0.08538525
8457,-0.053247333,0.898715
8458,-0.1748164,-0.08174382
8459,-0.06764365,0.93859124
8460,0.053247333,-0.898715
8461,-0.15556705,0.110515654
8462,-0.08059484,0.80702496
8463,-0.08419381,0.7388552
8464,-0.06648071,0.9465326
8465,0.07938316,-0.3236315
8466,0.12170312,-0.41852784
8467,-0.053247556,0.8987156
8468,0.053247318,-0.89871496
8469,-0.09695145,0.662566
8470,-0.14830698,0.20086679
8471,0.1748164,0.08174382
8472,0.086892985,-0.74633163
8473,-0.1721172,-0.08922036
8474,0.11620082,-0.47030652
8475,-0.06698587,0.7693296
8476,0.06636918,-0.9462237
8477,0.18031162,0.13349856
8478,-0.06764365,0.93859124
8479,-0.017261855,0.17393124
8480,0.06764365,-0.93859124
8481,0.061717156,-0.7831012
8482,-0.06674391,0.93609905
8483,0.11620082,-0.47030652
8484,-0.053764004,0.5429416
8485,0.088692494,-0.7513161
8486,0.12440233,-0.42600435
8487,0.06171702,-0.78310126
8488,-0.066952445,0.9366767
8489,0.06764365,-0.93859124
8490,-0.080608845,0.80706376
8491,-0.08968867,0.7529424
8492,-0.06698587,0.7693296
8493,-0.043705545,0.6267072
8494,-0.080571756,0.806961
8495,-0.11620082,0.47030652
8496,0.1748164,0.08174382
8497,-0.06764365,0.93859124
8498,-0.072513014,0.8851029
8499,0.06764365,-0.93859124
8500,0.06764365,-0.93859124
8501,-0.08056137,0.8069323
8502,-0.0886925,0.7513161
8503,-0.05324781,0.89871633
8504,0.17753175,0.08538525
8505,-0.06997338,0.53025174
8506,0.05324781,-0.89871633
8507,-0.14642447,0.18565556
8508,-0.023922443,-0.7016637
8509,-0.06764365,0.93859124
8510,-0.0886925,0.7513161
8511,0.053247314,-0.89871496
8512,0.15556705,-0.110515654
8513,-0.1821111,-0.12851422
8514,-0.08689301,0.7463317
8515,-0.1821111,-0.12851422
8516,-0.06764365,0.93859124
8517,-0.15556705,0.110515654
8518,0.053247835,-0.8987164
8519,0.05324766,-0.8987159
8520,0.06764365,-0.93859124
8521,-0.080609955,0.8070668
8522,0.0669841,-0.93676436
8523,-0.0769959,0.7189178
8524,0.06764365,-0.93859124
8525,0.095090926,-0.7020632
8526,0.06622104,-0.94581336
8527,-0.06698587,0.7693296
8528,0.09509096,-0.70206326
8529,0.17753175,0.08538525
8530,0.06698587,-0.7693296
8531,-0.06699747,0.9368014
8532,0.08055979,-0.80692786
8533,-0.053247835,0.8987164
8534,-0.06698649,0.936771
8535,-0.08060141,0.80704314
8536,0.090563595,-0.71180457
8537,0.08057282,-0.806964
8538,-0.05324733,0.898715
8539,0.06491216,-0.95335054
8540,0.053247835,-0.8987164
8541,0.15556705,-0.110515654
8542,0.11620082,-0.47030652
8543,-0.06764365,0.93859124
8544,0.06764365,-0.93859124
8545,-0.06770488,0.95998913
8546,0.06734869,-0.9377742
8547,0.023556467,-0.8164746
8548,-0.053247385,0.89871514
8549,-0.086892985,0.74633163
8550,-0.06764365,0.93859124
8551,0.0905152,-0.74515843
8552,0.080549635,-0.8068997
8553,-0.06764365,0.93859124
8554,-0.066479735,0.94652987
8555,0.066250466,-0.94589484
8556,0.06631604,-0.9460765
8557,0.11620082,-0.47030652
8558,0.06244941,-0.94090426
8559,-0.0769959,0.7189178
8560,0.1821111,0.12851422
8561,-0.15556705,0.110515654
8562,0.08055316,-0.8069095
8563,0.066961,-0.93670034
8564,-0.053247835,0.8987164
8565,-0.07906912,0.292621
8566,-0.15556705,0.110515654
8567,-0.1821111,-0.12851422
8568,-0.06698587,0.7693296
8569,-0.06764365,0.93859124
8570,0.06404471,-0.92862254
8571,-0.06764365,0.93859124
8572,0.05540218,-0.65910554
8573,-0.1748164,-0.08174382
8574,0.08689301,-0.7463317
8575,0.05324732,-0.89871496
8576,0.08689301,-0.7463317
8577,0.11620082,-0.47030652
8578,-0.16491929,-0.109157756
8579,-0.06764365,0.93859124
8580,0.08060987,-0.8070666
8581,0.053247385,-0.89871514
8582,-0.08689301,0.7463317
8583,0.06764365,-0.93859124
8584,0.08062327,-0.8071037
8585,0.09695145,-0.662566
8586,0.08689302,-0.7463317
8587,0.05540218,-0.65910554
8588,-0.053247627,0.89871585
8589,-0.03165767,0.21380606
8590,0.06764365,-0.93859124
8591,-0.06764365,0.93859124
8592,-0.095090926,0.7020632
8593,-0.06764365,0.93859124
8594,0.06764365,-0.93859124
8595,0.080549076,-0.8068982
8596,-0.06764365,0.93859124
8597,-0.06647542,0.94651794
8598,0.06764365,-0.93859124
8599,0.0829203,-0.583407
8600,0.05609417,-0.76752573
8601,0.1748164,0.08174382
8602,0.08057975,-0.8069832
8603,-0.18301435,-0.12601231
8604,0.0769959,-0.7189178
8605,-0.06764365,0.93859124
8606,-0.109449975,0.5339299
8607,-0.06764365,0.93859124
8608,0.06764365,-0.93859124
8609,-0.086893,0.7463317
8610,0.06764365,-0.93859124
8611,-0.12439877,0.4260381
8612,-0.024499383,0.8190864
8613,0.033657767,-0.86115456
8614,0.08064514,-0.80716425
8615,-0.053247306,0.89871496
8616,-0.05233197,0.90734214
8617,-0.06764365,0.93859124
8618,-0.06764365,0.93859124
8619,-0.06700165,0.93681294
8620,-0.11620082,0.47030652
8621,-0.053247314,0.89871496
8622,-0.08055894,0.80692554
8623,-0.12439877,0.4260381
8624,-0.06696494,0.93671125
8625,0.080610715,-0.80706894
8626,-0.0725372,0.8851699
8627,0.11620082,-0.47030652
8628,-0.18301436,-0.12601231
8629,-0.11620082,0.47030652
8630,0.055402193,-0.6591056
8631,0.06698587,-0.7693296
8632,-0.06660633,0.9468806
8633,0.11453393,0.24871962
8634,-0.15556705,0.110515654
8635,0.086892985,-0.74633163
8636,-0.05143223,0.90485
8637,-0.1748164,-0.08174382
8638,-0.08062895,0.8071194
8639,-0.06764365,0.93859124
8640,0.1821111,0.12851422
8641,-0.16491929,-0.109157756
8642,0.08044064,-0.8400421
8643,-0.07252976,0.88514936
8644,-0.08419381,0.7388552
8645,-0.024456207,0.8189668
8646,-0.062216483,0.9458838
8647,0.066727646,-0.9472166
8648,0.08780889,-0.73770595
8649,-0.06764365,0.93859124
8650,-0.05367695,0.91660535
8651,0.023922473,0.7016636
8652,-0.06698587,0.7693296
8653,0.1821111,0.12851422
8654,-0.053247374,0.89871514
8655,0.11983203,-0.45803928
8656,-0.06764365,0.93859124
8657,0.14969534,0.1960206
8658,-0.18301435,-0.12601231
8659,-0.0663686,0.94622207
8660,0.080557436,-0.80692136
8661,-0.053764004,0.5429416
8662,0.06621382,-0.94579333
8663,0.11620082,-0.47030652
8664,-0.07921024,0.67236215
8665,0.0769959,-0.7189178
8666,0.08057861,-0.80698
8667,0.16491929,0.109157756
8668,-0.09730819,0.3793652
8669,-0.0886925,0.7513161
8670,0.1821111,0.12851422
8671,0.0914759,-0.703169
8672,-0.11620082,0.47030652
8673,0.09629366,-0.49330437
8674,-0.0769959,0.7189178
8675,0.0905152,-0.74515843
8676,0.06698587,-0.7693296
8677,-0.06764365,0.93859124
8678,-0.121696025,0.4185518
8679,0.0769959,-0.7189178
8680,-0.080556095,0.80691767
8681,-0.12440234,0.42600438
8682,0.15952277,0.16271642
8683,0.053247333,-0.898715
8684,-0.05324732,0.89871496
8685,-0.06764365,0.93859124
8686,0.053247333,-0.898715
8687,0.06764365,-0.93859124
8688,0.15556705,-0.110515654
8689,0.08419381,-0.7388552
8690,0.08689299,-0.74633163
8691,0.06619513,-0.9457416
8692,-0.1748164,-0.08174382
8693,0.06609701,-0.9454698
8694,0.05540218,-0.65910554
8695,0.05063412,-0.7110981
8696,-0.0886925,0.7513161
8697,-0.08689301,0.7463317
8698,0.10945,-0.53392965
8699,-0.15556705,0.110515654
8700,-0.09730823,0.37936527
8701,-0.08058608,0.8070007
8702,0.06698587,-0.7693296
8703,-0.053247828,0.8987164
8704,0.06698587,-0.7693296
8705,0.06764365,-0.93859124
8706,-0.080671266,0.8072366
8707,0.1748164,0.08174382
8708,0.08057448,-0.80696857
8709,0.046166725,-0.9295559
8710,0.0805604,-0.8069295
8711,0.05324732,-0.89871496
8712,0.053247564,-0.8987157
8713,0.09326281,-0.7192811
8714,0.03165767,-0.21380606
8715,0.095090926,-0.7020632
8716,0.11620082,-0.47030652
8717,0.05324783,-0.8987164
8718,-0.15556705,0.110515654
8719,-0.1748164,-0.08174382
8720,0.08689301,-0.7463317
8721,-0.08055775,0.8069222
8722,0.06698587,-0.7693296
8723,0.0046297014,-0.7863748
8724,0.053247306,-0.89871496
8725,0.080590256,-0.80701226
8726,-0.11620082,0.47030652
8727,-0.12439877,0.4260381
8728,0.053247333,-0.898715
8729,0.12439877,-0.4260381
8730,-0.06764365,0.93859124
8731,0.0661874,-0.94572014
8732,0.08066927,-0.8072311
8733,0.08055411,-0.8069121
8734,-0.11620082,0.47030652
8735,0.086892985,-0.74633163
8736,-0.08057595,0.8069726
8737,-0.15556705,0.110515654
8738,0.06698587,-0.7693296
8739,-0.11620082,0.47030652
8740,-0.066381484,0.94625777
8741,0.06764365,-0.93859124
8742,-0.05324731,0.89871496
8743,-0.06764365,0.93859124
8744,-0.09326281,0.71928114
8745,-0.053247325,0.898715
8746,0.09326281,-0.7192811
8747,0.1721172,0.08922036
8748,0.05324739,-0.8987152
8749,-0.08066677,0.8072242
8750,-0.17753175,-0.08538525
8751,-0.06764365,0.93859124
8752,-0.18301435,-0.12601231
8753,-0.06698587,0.7693296
8754,0.06609819,-0.9454731
8755,-0.06953991,0.8768678
8756,0.08689301,-0.7463317
8757,0.06698587,-0.7693296
8758,0.05324751,-0.8987155
8759,0.06698587,-0.7693296
8760,-0.066995956,0.9367972
8761,0.05169031,-0.72696257
8762,0.03165767,-0.21380606
8763,0.053247504,-0.8987155
8764,-0.06764365,0.93859124
8765,0.06617814,-0.9456945
8766,-0.05540218,0.65910554
8767,0.053247306,-0.89871496
8768,0.03165767,-0.21380606
8769,0.05324732,-0.89871496
8770,0.06764365,-0.93859124
8771,0.05324737,-0.89871514
8772,-0.1821111,-0.12851422
8773,0.06698587,-0.7693296
8774,0.08689301,-0.7463317
8775,-0.11620082,0.47030652
8776,-0.053247467,0.8987154
8777,-0.08056137,0.8069323
8778,0.16491929,0.109157756
8779,-0.08780889,0.73770595
8780,0.06764365,-0.93859124
8781,-0.015216272,0.7185397
8782,0.121696025,-0.4185518
8783,0.0769959,-0.7189178
8784,-0.11620082,0.47030652
8785,0.06764365,-0.93859124
8786,0.08689301,-0.7463317
8787,0.06764365,-0.93859124
8788,-0.08061246,0.8070738
8789,0.080619365,-0.8070929
8790,-0.024499387,0.8190864
8791,0.04636403,-0.9276997
8792,-0.12439877,0.4260381
8793,-0.05324731,0.89871496
8794,-0.08055355,0.8069106
8795,-0.1483069,0.20086749
8796,0.06615185,-0.94562167
8797,-0.06812818,0.7227206
8798,-0.06764365,0.93859124
8799,-0.02392546,-0.7016554
8800,0.080607496,-0.80706
8801,-0.06764365,0.93859124
8802,0.15556705,-0.110515654
8803,-0.06764365,0.93859124
8804,-0.053247377,0.89871514
8805,-0.06764365,0.93859124
8806,-0.12440229,0.4260043
8807,0.053247638,-0.89871585
8808,-0.09326281,0.71928114
8809,-0.053247835,0.8987164
8810,-0.1821111,-0.12851422
8811,0.05097782,-0.90912914
8812,0.06764365,-0.93859124
8813,-0.06674392,0.93609905
8814,-0.11620082,0.47030652
8815,0.06764365,-0.93859124
8816,-0.15556705,0.110515654
8817,0.1748164,0.08174382
8818,0.023922473,0.7016636
8819,0.06764365,-0.93859124
8820,0.08302811,-0.58239186
8821,0.1748164,0.08174382
8822,-0.06764365,0.93859124
8823,0.0769959,-0.7189178
8824,-0.06764365,0.93859124
8825,0.11620082,-0.47030652
8826,0.1821111,0.12851422
8827,-0.053247824,0.8987164
8828,0.080607496,-0.80706
8829,-0.1748164,-0.08174382
8830,0.06764365,-0.93859124
8831,-0.053247835,0.8987164
8832,0.02392248,0.70166355
8833,-0.17939928,-0.12486304
8834,-0.10944996,0.53393
8835,-0.11620082,0.47030652
8836,-0.1748164,-0.08174382
8837,-0.05324734,0.898715
8838,-0.080552846,0.8069086
8839,0.086892985,-0.74633163
8840,-0.08419381,0.7388552
8841,-0.08057617,0.8069732
8842,-0.053807173,0.54306114
8843,-0.066367276,0.9462184
8844,-0.07251451,0.8851071
8845,0.06764365,-0.93859124
8846,-0.08689301,0.7463317
8847,-0.15556705,0.110515654
8848,-0.06764365,0.93859124
8849,0.05324731,-0.89871496
8850,-0.067346334,0.9377677
8851,-0.05143223,0.90485
8852,0.1748164,0.08174382
8853,-0.053247835,0.8987164
8854,0.1748164,0.08174382
8855,0.024499059,-0.8190855
8856,0.053247314,-0.89871496
8857,-0.0886925,0.7513161
8858,-0.12402733,0.42500925
8859,-0.09326281,0.7192811
8860,-0.08058609,0.8070007
8861,0.11620082,-0.47030652
8862,0.12261191,-0.409926
8863,-0.08056457,0.8069411
8864,0.08055975,-0.8069278
8865,-0.053247835,0.8987164
8866,-0.11620082,0.47030652
8867,-0.08540198,0.49150056
8868,0.06672758,-0.9472164
8869,0.062216483,-0.9458838
8870,0.06764365,-0.93859124
8871,-0.008508489,-0.7308749
8872,-0.06764365,0.93859124
8873,0.08099811,-0.4509374
8874,0.06764365,-0.93859124
8875,-0.12440234,0.42600438
8876,0.06764365,-0.93859124
8877,0.06698587,-0.7693296
8878,0.12439877,-0.4260381
8879,0.05324739,-0.8987152
8880,0.15556705,-0.110515654
8881,-0.06764365,0.93859124
8882,-0.06698587,0.7693296
8883,0.06698587,-0.7693296
8884,-0.15556705,0.110515654
8885,0.06764365,-0.93859124
8886,-0.066977225,0.9367453
8887,0.11620082,-0.47030652
8888,0.05324783,-0.8987164
8889,-0.053807165,0.5430611
8890,-0.12439866,0.4260379
8891,-0.15556705,0.110515654
8892,0.10979326,-0.53069675
8893,0.0886925,-0.7513161
8894,-0.15556705,0.110515654
8895,0.06698587,-0.7693296
8896,-0.05143223,0.90485
8897,0.05324776,-0.8987162
8898,0.17753175,0.08538525
8899,0.06764365,-0.93859124
8900,0.08058396,-0.80699486
8901,-0.053247318,0.89871496
8902,-0.06404471,0.92862254
8903,0.06764365,-0.93859124
8904,0.024456207,-0.8189668
8905,0.06764365,-0.93859124
8906,-0.06764365,0.93859124
8907,-0.121696025,0.4185518
8908,-0.080576584,0.8069744
8909,-0.053247835,0.8987164
8910,0.11620082,-0.47030652
8911,-0.03165767,0.21380606
8912,0.023925453,0.7016554
8913,-0.080562025,0.80693406
8914,-0.053764004,0.5429416
8915,-0.06623817,0.9458608
8916,-0.06764365,0.93859124
8917,0.08048194,-0.8067122
8918,-0.08059281,0.80701935
8919,-0.05324778,0.8987163
8920,0.053247467,-0.8987154
8921,0.053247474,-0.8987154
8922,-0.05324769,0.898716
8923,-0.11620082,0.47030652
8924,0.093304105,-0.6859512
8925,0.06698587,-0.7693296
8926,-0.053247772,0.8987162
8927,0.15556705,-0.110515654
8928,0.080613285,-0.80707604
8929,0.05324731,-0.89871496
8930,0.0806196,-0.80709356
8931,0.1748164,0.08174382
8932,0.06764365,-0.93859124
8933,0.08056092,-0.806931
8934,-0.08062412,0.807106
8935,0.16491929,0.109157756
8936,-0.09509453,0.7020295
8937,-0.1748164,-0.08174382
8938,0.05324733,-0.898715
8939,-0.12439877,0.4260381
8940,0.08065336,-0.8071871
8941,-0.0806332,0.80713123
8942,-0.1748164,-0.08174382
8943,0.05143223,-0.90485
8944,-0.08060459,0.80705196
8945,0.05609421,-0.7675258
8946,-0.05540218,0.65910554
8947,0.16491929,0.109157756
8948,0.06764365,-0.93859124
8949,0.053764004,-0.5429416
8950,-0.11620082,0.47030652
8951,0.06698587,-0.7693296
8952,-0.080607936,0.8070612
8953,-0.11620082,0.47030652
8954,-0.11620082,0.47030652
8955,0.12440234,-0.4260044
8956,-0.09695145,0.662566
8957,-0.023556467,0.8164746
8958,-0.11620082,0.47030652
8959,-0.05324734,0.898715
8960,0.17844762,0.09401105
8961,-0.06764365,0.93859124
8962,-0.07223912,0.8843442
8963,-0.15556705,0.110515654
8964,0.08689301,-0.7463317
8965,-0.09695145,0.662566
8966,0.06764365,-0.93859124
8967,-0.092388235,0.694577
8968,-0.06762752,0.9497091
8969,-0.06638934,0.9462795
8970,-0.086892985,0.74633163
8971,-0.06698587,0.7693296
8972,0.08056074,-0.8069305
8973,-0.06698587,0.7693296
8974,0.06698587,-0.7693296
8975,0.18301436,0.12601231
8976,-0.06698587,0.7693296
8977,0.12439866,-0.4260379
8978,0.06698587,-0.7693296
8979,0.05324745,-0.8987153
8980,-0.15556705,0.110515654
8981,-0.06764365,0.93859124
8982,-0.053247485,0.89871544
8983,-0.15556705,0.110515654
8984,0.08064855,-0.8071737
8985,-0.08058168,0.8069885
8986,-0.053247828,0.8987164
8987,-0.15556705,0.110515654
8988,0.080661915,-0.80721074
8989,0.15556705,-0.110515654
8990,-0.08419381,0.7388552
8991,-0.1821111,-0.12851422
8992,-0.053247835,0.8987164
8993,-0.08689301,0.7463317
8994,0.06698587,-0.7693296
8995,0.06764365,-0.93859124
8996,0.1748164,0.08174382
8997,-0.11620082,0.47030652
8998,-0.11620082,0.47030652
8999,-0.0662815,0.9459808
9000,0.09743571,-0.44669497
9001,0.0769959,-0.7189178
9002,-0.11620082,0.47030652
9003,-0.093304105,0.6859512
9004,0.1748164,0.08174382
9005,0.18031162,0.13349856
9006,0.053247306,-0.89871496
9007,0.06764365,-0.93859124
9008,0.11620082,-0.47030652
9009,-0.040982436,0.9098513
9010,0.09695145,-0.662566
9011,0.09326279,-0.7192811
9012,-0.06698587,0.7693296
9013,-0.055402275,0.65910465
9014,0.05540218,-0.65910554
9015,-0.11620082,0.47030652
9016,-0.07407086,0.8670927
9017,-0.06997345,0.530252
9018,0.12078369,-0.42718732
9019,-0.08061029,0.80706775
9020,0.05324733,-0.898715
9021,0.1748164,0.08174382
9022,0.08062314,-0.80710334
9023,0.1821111,0.12851422
9024,-0.06698587,0.7693296
9025,-0.08058643,0.80700165
9026,0.123495504,-0.42353615
9027,0.053247802,-0.89871633
9028,0.1721172,0.08922036
9029,-0.06764365,0.93859124
9030,-0.1748164,-0.08174382
9031,0.17847988,0.11624695
9032,-0.1811862,-0.10879445
9033,0.06583159,-0.94469106
9034,0.05324743,-0.89871526
9035,0.1748164,0.08174382
9036,0.06762752,-0.9497091
9037,-0.080654606,0.8071905
9038,-0.053247835,0.8987164
9039,0.06764365,-0.93859124
9040,0.06764365,-0.93859124
9041,-0.05169031,0.72696257
9042,0.06764365,-0.93859124
9043,-0.06764365,0.93859124
9044,-0.06764365,0.93859124
9045,-0.053247835,0.8987164
9046,0.06628036,-0.9459776
9047,-0.08689301,0.7463317
9048,-0.06698587,0.7693296
9049,-0.08056569,0.8069442
9050,-0.080656186,0.8071949
9051,0.11620082,-0.47030652
9052,0.086892985,-0.74633163
9053,0.053247314,-0.89871496
9054,-0.066986114,0.9367699
9055,-0.06764365,0.93859124
9056,0.053247835,-0.8987164
9057,0.06171705,-0.7831013
9058,-0.08065218,0.80718374
9059,-0.047063313,0.9211139
9060,-0.08067305,0.80724156
9061,0.15556705,-0.110515654
9062,0.06764365,-0.93859124
9063,-0.08056864,0.80695236
9064,-0.06764365,0.93859124
9065,-0.08689301,0.7463317
9066,-0.05324732,0.89871496
9067,0.0663455,-0.94615805
9068,-0.15556705,0.110515654
9069,0.11620082,-0.47030652
9070,0.08055335,-0.80691004
9071,-0.15556705,0.110515654
9072,0.06698587,-0.7693296
9073,-0.053247835,0.8987164
9074,-0.06733491,0.93773603
9075,-0.06764365,0.93859124
9076,0.1748164,0.08174382
9077,-0.1811862,-0.10879445
9078,0.08689301,-0.7463317
9079,0.06698587,-0.7693296
9080,-0.17939577,-0.12487276
9081,-0.015216291,0.7185396
9082,0.06764365,-0.93859124
9083,-0.06698587,0.7693296
9084,-0.06764365,0.93859124
9085,-0.06764365,0.93859124
9086,0.06764365,-0.93859124
9087,-0.05540218,0.65910554
9088,0.06764365,-0.93859124
9089,0.1821111,0.12851422
9090,-0.06764365,0.93859124
9091,-0.11620082,0.47030652
9092,-0.06764365,0.93859124
9093,-0.11350159,0.46283007
9094,-0.086892985,0.74633163
9095,0.06764365,-0.93859124
9096,-0.072524816,0.88513565
9097,0.026507676,-0.8413496
9098,0.07255441,-0.8852176
9099,-0.08689302,0.7463317
9100,0.08062057,-0.80709624
9101,-0.08055528,0.8069154
9102,0.12439799,-0.42603594
9103,-0.02392546,-0.7016553
9104,0.06698587,-0.7693296
9105,0.036954798,-0.69033
9106,-0.08055789,0.8069226
9107,-0.06698587,0.7693296
9108,0.0769959,-0.7189178
9109,0.08055159,-0.80690515
9110,-0.08689301,0.7463317
9111,-0.15556705,0.110515654
9112,-0.095090926,0.7020632
9113,-0.15556705,0.110515654
9114,-0.116234645,0.46998757
9115,0.11620082,-0.47030652
9116,0.053764004,-0.5429416
9117,-0.03165767,0.21380606
9118,-0.06764365,0.93859124
9119,0.06698587,-0.7693296
9120,0.06764365,-0.93859124
9121,0.035980187,-0.8491106
9122,0.08056417,-0.80694
9123,0.121696025,-0.4185518
9124,0.08064701,-0.80716944
9125,0.06764365,-0.93859124
9126,-0.060217537,0.8430126
9127,-0.11620082,0.47030652
9128,0.08689299,-0.7463317
9129,0.07407086,-0.8670927
9130,-0.06698587,0.7693296
9131,0.1748164,0.08174382
9132,-0.1821111,-0.12851422
9133,0.14913079,-0.19310811
9134,-0.15556705,0.110515654
9135,-0.15556705,0.110515654
9136,-0.11620082,0.47030652
9137,0.06698587,-0.7693296
9138,0.11620082,-0.47030652
9139,-0.08689301,0.7463317
9140,-0.06491218,0.95335054
9141,0.06764365,-0.93859124
9142,-0.053247835,0.8987164
9143,0.06620221,-0.9457612
9144,-0.15556705,0.110515654
9145,0.06764365,-0.93859124
9146,0.047369055,-0.59220415
9147,-0.043705583,0.62670726
9148,-0.06764365,0.93859124
9149,-0.08689301,0.7463317
9150,0.08057917,-0.80698156
9151,-0.1748164,-0.08174382
9152,-0.11620082,0.47030652
9153,0.03165767,-0.21380606
9154,-0.05141557,0.9159665
9155,-0.06764365,0.93859124
9156,0.08689302,-0.7463317
9157,-0.08057999,0.8069838
9158,-0.06764365,0.93859124
9159,-0.05141557,0.9159665
9160,-0.06638385,0.9462643
9161,0.14772552,0.21437056
9162,0.18301791,0.126046
9163,-0.14332557,-0.16896997
9164,-0.08064452,0.8071626
9165,-0.05324733,0.898715
9166,0.14917207,-0.15977818
9167,-0.05286427,0.5404494
9168,-0.15556705,0.110515654
9169,0.05324734,-0.898715
9170,0.06700371,-0.93681866
9171,0.086892985,-0.74633163
9172,-0.08059707,0.80703115
9173,-0.066992484,0.93678755
9174,-0.06764365,0.93859124
9175,0.019859482,-0.6429814
9176,-0.06764365,0.93859124
9177,0.15556705,-0.110515654
9178,0.11620082,-0.47030652
9179,0.0932628,-0.7192811
9180,0.062216483,-0.9458838
9181,-0.11620082,0.47030652
9182,-0.08056431,0.8069404
9183,-0.14642447,0.18565556
9184,0.121696025,-0.4185518
9185,-0.1748164,-0.08174382
9186,-0.18301791,-0.126046
9187,0.07938316,-0.3236315
9188,-0.06764365,0.93859124
9189,-0.06764365,0.93859124
9190,-0.09509453,0.7020295
9191,0.08055583,-0.8069169
9192,-0.053247306,0.89871496
9193,0.1821111,0.12851422
9194,-0.049074586,0.89037347
9195,-0.053247835,0.8987164
9196,-0.06583158,0.94469106
9197,-0.053247787,0.8987163
9198,-0.06764365,0.93859124
9199,0.053247306,-0.89871496
9200,0.080565155,-0.80694276
9201,0.08054791,-0.80689496
9202,-0.1748164,-0.08174382
9203,0.08054815,-0.8068956
9204,-0.05143223,0.90485
9205,0.0769959,-0.7189178
9206,-0.04616757,0.9295479
9207,0.053247828,-0.8987164
9208,-0.1748164,-0.08174382
9209,0.11620082,-0.47030652
9210,-0.17939928,-0.12486304
9211,0.0662707,-0.9459509
9212,0.053247314,-0.89871496
9213,0.06698587,-0.7693296
9214,-0.11620082,0.47030652
9215,0.066298395,-0.94602764
9216,0.053247835,-0.8987164
9217,0.1748164,0.08174382
9218,0.09509096,-0.70206326
9219,0.06647444,-0.9465152
9220,0.053247325,-0.898715
9221,-0.0886925,0.7513161
9222,-0.06764365,0.93859124
9223,-0.0769959,0.7189178
9224,-0.05324734,0.898715
9225,0.06764365,-0.93859124
9226,0.1821111,0.12851422
9227,-0.088692464,0.751316
9228,-0.05540218,0.65910554
9229,0.053764004,-0.5429416
9230,-0.06764365,0.93859124
9231,0.0886925,-0.7513161
9232,-0.053247835,0.8987164
9233,-0.08055322,0.8069097
9234,-0.03165767,0.21380606
9235,-0.06698587,0.7693296
9236,-0.06698587,0.7693296
9237,-0.080575734,0.806972
9238,0.0886925,-0.7513161
9239,0.024860771,-0.48240754
9240,0.06764365,-0.93859124
9241,-0.05141557,0.9159665
9242,-0.04098244,0.9098513
9243,-0.06764365,0.93859124
9244,0.086892985,-0.74633163
9245,0.06764365,-0.93859124
9246,-0.06764365,0.93859124
9247,-0.11620082,0.47030652
9248,-0.1821111,-0.12851422
9249,-0.059053563,0.86220086
9250,-0.08054957,0.80689955
9251,-0.08067351,0.8072429
9252,0.06764365,-0.93859124
9253,-0.053247415,0.89871526
9254,0.15556705,-0.110515654
9255,-0.06764365,0.93859124
9256,0.18031162,0.13349856
9257,-0.15556705,0.110515654
9258,-0.0664083,0.94633204
9259,0.06764365,-0.93859124
9260,-0.08689301,0.7463317
9261,-0.061771963,0.6320549
9262,0.08056354,-0.80693823
9263,0.08689301,-0.7463317
9264,-0.06764365,0.93859124
9265,-0.11453393,-0.24871962
9266,-0.080566645,0.8069469
9267,-0.0662589,0.9459182
9268,-0.08062448,0.8071071
9269,-0.15556705,0.110515654
9270,-0.06764365,0.93859124
9271,0.15556705,-0.110515654
9272,0.06764365,-0.93859124
9273,0.1748164,0.08174382
9274,-0.15556705,0.110515654
9275,0.08054885,-0.8068976
9276,0.06764365,-0.93859124
9277,0.06764365,-0.93859124
9278,-0.1821111,-0.12851422
9279,0.06538054,-0.748598
9280,-0.06764365,0.93859124
9281,0.06764365,-0.93859124
9282,-0.1748164,-0.08174382
9283,0.06698587,-0.7693296
9284,0.061771963,-0.6320549
9285,0.053247318,-0.89871496
9286,-0.11620082,0.47030652
9287,0.11620082,-0.47030652
9288,0.06764365,-0.93859124
9289,-0.066228755,0.9458347
9290,0.053247835,-0.8987164
9291,0.06698587,-0.7693296
9292,0.08057608,-0.806973
9293,0.12439877,-0.4260381
9294,0.1748164,0.08174382
9295,0.1748164,0.08174382
9296,-0.10301527,0.4481631
9297,-0.053247437,0.8987153
9298,-0.053247314,0.89871496
9299,-0.06698587,0.7693296
9300,0.1748164,0.08174382
9301,0.053247835,-0.8987164
9302,0.06698587,-0.7693296
9303,-0.08063083,0.8071247
9304,0.0669477,-0.9366635
9305,-0.0886925,0.7513161
9306,0.053247325,-0.898715
9307,-0.06764365,0.93859124
9308,-0.06764365,0.93859124
9309,0.05324771,-0.89871603
9310,-0.066975445,0.9367404
9311,0.06622783,-0.94583213
9312,0.11620082,-0.47030652
9313,0.17753175,0.08538525
9314,-0.15556705,0.110515654
9315,0.06764365,-0.93859124
9316,-0.08064907,0.80717516
9317,0.08419347,-0.7388542
9318,0.08689301,-0.7463317
9319,-0.066282876,0.9459846
9320,-0.09695145,0.662566
9321,0.1748164,0.08174382
9322,0.08689302,-0.7463317
9323,0.039640844,-0.8146011
9324,-0.024885397,0.83685595
9325,0.06764365,-0.93859124
9326,0.10546848,-0.39592856
9327,-0.06698587,0.7693296
9328,-0.05324731,0.89871496
9329,0.1748164,0.08174382
9330,-0.079940304,0.43506992
9331,-0.08689302,0.7463317
9332,-0.08698441,0.74551356
9333,0.066296004,-0.946021
9334,-0.1748164,-0.08174382
9335,0.05324783,-0.8987164
9336,0.08689302,-0.7463317
9337,0.18301435,0.12601231
9338,-0.06764365,0.93859124
9339,-0.06764365,0.93859124
9340,-0.08014206,0.8099562
9341,-0.080590256,0.80701226
9342,0.14332557,0.16896997
9343,-0.08064865,0.807174
9344,-0.02392546,-0.7016554
9345,0.08059754,-0.80703247
9346,0.06764365,-0.93859124
9347,0.09695145,-0.662566
9348,-0.15556705,0.110515654
9349,-0.08689301,0.7463317
9350,-0.053764004,0.5429416
9351,-0.06764365,0.93859124
9352,0.06764365,-0.93859124
9353,0.06764365,-0.93859124
9354,0.08419381,-0.7388552
9355,-0.0805573,0.80692095
9356,-0.16491929,-0.109157756
9357,-0.053247333,0.898715
9358,0.06698587,-0.7693296
9359,0.07699598,-0.71891797
9360,-0.0769959,0.7189178
9361,0.15556705,-0.110515654
9362,0.08099811,-0.4509374
9363,0.08698543,-0.74550396
9364,-0.05324735,0.8987151
9365,-0.06764365,0.93859124
9366,-0.11620082,0.47030652
9367,0.053247496,-0.8987155
9368,-0.15556705,0.110515654
9369,0.06674391,-0.93609905
9370,-0.06698587,0.7693296
9371,0.0661972,-0.9457473
9372,-0.08055657,0.806919
9373,-0.18031162,-0.13349856
9374,-0.15556705,0.110515654
9375,-0.06764365,0.93859124
9376,-0.053247485,0.89871544
9377,0.1821111,0.12851422
9378,-0.032682892,0.7524527
9379,0.12439877,-0.4260381
9380,-0.07938316,0.3236315
9381,0.06764365,-0.93859124
9382,-0.0681282,0.7227207
9383,0.1821111,0.12851422
9384,0.06764365,-0.93859124
9385,0.06764365,-0.93859124
9386,-0.08689301,0.7463317
9387,0.12261191,-0.409926
9388,-0.06764365,0.93859124
9389,-0.06764365,0.93859124
9390,0.05324754,-0.8987156
9391,0.067640804,-0.9605497
9392,0.15556705,-0.110515654
9393,-0.066400945,0.94631165
9394,-0.080551825,0.8069058
9395,-0.06404471,0.92862254
9396,-0.06764365,0.93859124
9397,-0.08063148,0.8071264
9398,-0.14342469,0.1852556
9399,-0.08064976,0.80717707
9400,-0.06764365,0.93859124
9401,-0.11620082,0.47030652
9402,0.057961226,-0.64209366
9403,0.05324746,-0.8987154
9404,0.09695145,-0.662566
9405,0.055402275,-0.65910465
9406,-0.053247523,0.89871556
9407,0.06764365,-0.93859124
9408,-0.06764365,0.93859124
9409,0.053247835,-0.8987164
9410,-0.06674391,0.93609905
9411,-0.09695145,0.662566
9412,0.09695145,-0.662566
9413,0.1748164,0.08174382
9414,0.0805673,-0.80694866
9415,0.066972174,-0.9367313
9416,0.053247835,-0.8987164
9417,-0.08062473,0.80710775
9418,-0.05324742,0.89871526
9419,0.066970155,-0.93672574
9420,0.06669063,-0.94711405
9421,0.087808885,-0.73770595
9422,-0.09695145,0.662566
9423,-0.07254643,0.8851955
9424,0.14642447,-0.18565556
9425,0.1721172,0.08922036
9426,0.06764365,-0.93859124
9427,0.06770713,-0.9599681
9428,-0.06698587,0.7693296
9429,-0.12261191,0.409926
9430,-0.17753175,-0.08538525
9431,0.080595866,-0.8070278
9432,0.080695055,-0.6621883
9433,-0.06764365,0.93859124
9434,-0.067355715,0.9377937
9435,0.06697921,-0.93675077
9436,-0.05540218,0.65910554
9437,-0.15556705,0.110515654
9438,0.1821111,0.12851422
9439,-0.08689301,0.7463317
9440,0.08689298,-0.74633163
9441,-0.08689301,0.7463317
9442,0.12439877,-0.4260381
9443,0.053764004,-0.5429416
9444,-0.08689302,0.7463317
9445,-0.053247415,0.89871526
9446,-0.06764365,0.93859124
9447,0.08689301,-0.7463317
9448,0.06698666,-0.93677145
9449,-0.072554946,0.8852191
9450,-0.053247835,0.8987164
9451,-0.08056638,0.8069461
9452,-0.06764365,0.93859124
9453,0.11620082,-0.47030652
9454,-0.1721172,-0.08922036
9455,0.053247422,-0.89871526
9456,-0.15556705,0.110515654
9457,-0.15556705,0.110515654
9458,-0.11891617,0.4666651
9459,-0.05143223,0.90485
9460,0.06764365,-0.93859124
9461,0.11983203,-0.45803928
9462,-0.080674276,0.807245
9463,-0.053247333,0.898715
9464,0.086892985,-0.74633163
9465,0.06630496,-0.9460458
9466,-0.06764365,0.93859124
9467,-0.10945002,0.53392947
9468,0.06764365,-0.93859124
9469,0.1821111,0.12851422
9470,-0.08689301,0.7463317
9471,-0.066402294,0.9463154
9472,0.15556705,-0.110515654
9473,-0.11982298,0.46913326
9474,-0.06764365,0.93859124
9475,-0.15556705,0.110515654
9476,-0.1821111,-0.12851422
9477,-0.06764365,0.93859124
9478,-0.06698587,0.7693296
9479,-0.08689302,0.7463317
9480,-0.15556705,0.110515654
9481,-0.05125238,0.21548449
9482,0.06764365,-0.93859124
9483,0.1821111,0.12851422
9484,0.08689301,-0.7463317
9485,0.08055658,-0.806919
9486,-0.06764365,0.93859124
9487,0.06698587,-0.7693296
9488,0.06764365,-0.93859124
9489,-0.08689301,0.7463317
9490,-0.02392549,-0.7016553
9491,-0.080627196,0.80711454
9492,0.1821111,0.12851422
9493,-0.093304105,0.6859512
9494,-0.08064452,0.8071626
9495,0.08689302,-0.7463317
9496,0.12439877,-0.4260381
9497,0.086892985,-0.74633163
9498,-0.06764365,0.93859124
9499,-0.06764365,0.93859124
9500,-0.08058356,0.8069937
9501,-0.06764365,0.93859124
9502,0.05324733,-0.898715
9503,-0.06698587,0.7693296
9504,-0.06764365,0.93859124
9505,-0.11620082,0.47030652
9506,-0.06617953,0.9456984
9507,0.066376835,-0.9462449
9508,-0.15556705,0.110515654
9509,-0.066962555,0.9367047
9510,-0.08064687,0.8071691
9511,0.053764004,-0.5429416
9512,-0.11620082,0.47030652
9513,0.080659494,-0.80720407
9514,-0.09051517,0.74515843
9515,-0.06764365,0.93859124
9516,0.05324783,-0.8987164
9517,0.18031162,0.13349856
9518,-0.06764365,0.93859124
9519,-0.11620082,0.47030652
9520,-0.0769959,0.7189178
9521,-0.11620082,0.47030652
9522,0.09741026,-0.44693524
9523,0.03333839,-0.8752826
9524,-0.08689302,0.7463317
9525,0.08689302,-0.7463317
9526,-0.14913076,0.19310829
9527,0.06764365,-0.93859124
9528,0.06695687,-0.9366889
9529,0.06764365,-0.93859124
9530,-0.06337763,0.93793744
9531,-0.062449403,0.9409042
9532,-0.06764365,0.93859124
9533,-0.11453393,-0.24871962
9534,-0.08689301,0.7463317
9535,-0.053247835,0.8987164
9536,-0.08060518,0.8070536
9537,0.06764365,-0.93859124
9538,0.06698587,-0.7693296
9539,0.15556705,-0.110515654
9540,-0.053247817,0.89871633
9541,0.08689301,-0.7463317
9542,-0.04098245,0.9098514
9543,0.11620082,-0.47030652
9544,-0.034143627,0.8663503
9545,-0.08689299,0.74633163
9546,0.08689301,-0.7463317
9547,0.080646805,-0.8071689
9548,0.07223912,-0.8843442
9549,0.0905152,-0.74515843
9550,0.08064072,-0.80715203
9551,0.06764365,-0.93859124
9552,-0.06764365,0.93859124
9553,0.06698587,-0.7693296
9554,-0.086892985,0.74633163
9555,0.08058523,-0.8069983
9556,-0.03165767,0.21380606
9557,0.08689302,-0.7463317
9558,0.08099811,-0.4509374
9559,0.08689301,-0.7463317
9560,-0.08054727,0.80689317
9561,0.08689302,-0.7463317
9562,-0.053247835,0.8987164
9563,-0.09695145,0.662566
9564,-0.06734741,0.93777066
9565,-0.095090926,0.7020632
9566,-0.11620082,0.47030652
9567,0.053247835,-0.8987164
9568,-0.053807165,0.5430611
9569,-0.1748164,-0.08174382
9570,-0.0769959,0.7189178
9571,-0.06666607,0.94704604
9572,0.10630369,-0.4428926
9573,0.11620082,-0.47030652
9574,-0.053247314,0.89871496
9575,-0.06764365,0.93859124
9576,0.07255193,-0.88521075
9577,-0.08055619,0.8069179
9578,-0.053247828,0.8987164
9579,0.062216483,-0.9458838
9580,-0.15952276,-0.16271642
9581,-0.06491216,0.95335054
9582,0.11453393,0.24871962
9583,-0.11620082,0.47030652
9584,-0.18031162,-0.13349856
9585,0.08058792,-0.80700576
9586,-0.0769959,0.7189178
9587,-0.053247377,0.89871514
9588,-0.053247787,0.8987163
9589,0.06764365,-0.93859124
9590,-0.18031162,-0.13349856
9591,-0.09695145,0.662566
9592,0.1491721,-0.15977821
9593,0.06674391,-0.93609905
9594,0.1748164,0.08174382
9595,0.11620082,-0.47030652
9596,-0.08099811,0.4509374
9597,0.06764365,-0.93859124
9598,-0.1748164,-0.08174382
9599,-0.15556705,0.110515654
9600,-0.08689301,0.7463317
9601,0.08058627,-0.80700123
9602,-0.15556705,0.110515654
9603,-0.053247333,0.898715
9604,-0.08058178,0.8069888
9605,0.07525596,0.3431362
9606,-0.1821111,-0.12851422
9607,0.053247333,-0.898715
9608,0.11620082,-0.47030652
9609,0.18301435,0.12601231
9610,-0.0769959,0.7189178
9611,0.06338706,-0.93796355
9612,-0.06764365,0.93859124
9613,0.08065808,-0.80720013
9614,0.15556705,-0.110515654
9615,0.11891617,-0.4666651
9616,-0.06697463,0.93673813
9617,0.05540218,-0.65910554
9618,0.087808885,-0.73770595
9619,-0.03694324,0.807129
9620,0.15556705,-0.110515654
9621,-0.0886925,0.7513161
9622,-0.06953991,0.8768678
9623,-0.08056906,0.80695355
9624,-0.05540218,0.65910554
9625,-0.066486694,0.9465492
9626,0.06698587,-0.7693296
9627,0.14917207,-0.15977818
9628,0.06698587,-0.7693296
9629,-0.06698587,0.7693296
9630,0.1748164,0.08174382
9631,0.066951886,-0.93667513
9632,0.05324731,-0.89871496
9633,-0.11620082,0.47030652
9634,0.06698587,-0.7693296
9635,-0.088692464,0.751316
9636,-0.06583159,0.94469106
9637,0.05324778,-0.8987163
9638,-0.08689301,0.7463317
9639,0.0905152,-0.74515843
9640,0.0769959,-0.7189178
9641,-0.08055616,0.8069178
9642,0.0769959,-0.7189178
9643,-0.07586129,0.8831711
9644,-0.09326281,0.71928114
9645,-0.047063302,0.92111385
9646,0.14134589,-0.26642728
9647,-0.06629926,0.94603
9648,-0.15556705,0.110515654
9649,0.08063001,-0.8071224
9650,0.06764365,-0.93859124
9651,0.05324749,-0.89871544
9652,-0.1821111,-0.12851422
9653,-0.16491929,-0.109157756
9654,-0.06638387,0.9462644
9655,-0.06764365,0.93859124
9656,-0.066242605,0.9458731
9657,0.1721172,0.08922036
9658,-0.08689301,0.7463317
9659,-0.18301435,-0.12601231
9660,-0.11982298,0.46913326
9661,-0.06764365,0.93859124
9662,-0.17844762,-0.09401105
9663,0.06764365,-0.93859124
9664,-0.05540218,0.65910554
9665,0.053247306,-0.89871496
9666,-0.06698876,0.93677723
9667,0.09326281,-0.71928114
9668,0.06733388,-0.9377332
9669,-0.06764365,0.93859124
9670,0.08060525,-0.8070538
9671,-0.11620082,0.47030652
9672,-0.053247835,0.8987164
9673,-0.09509096,0.70206326
9674,0.06764365,-0.93859124
9675,0.080637395,-0.8071428
9676,0.06764365,-0.93859124
9677,-0.06582805,0.9447248
9678,0.08064572,-0.80716586
9679,0.053247318,-0.89871496
9680,0.11620082,-0.47030652
9681,-0.11620082,0.47030652
9682,-0.15556705,0.110515654
9683,-0.08055043,0.80690193
9684,0.053247325,-0.898715
9685,-0.08415223,0.73874
9686,-0.066155344,0.9456314
9687,-0.15556705,0.110515654
9688,-0.053247493,0.89871544
9689,-0.11620082,0.47030652
9690,0.06764365,-0.93859124
9691,0.121696025,-0.4185518
9692,-0.017261855,0.17393124
9693,-0.047063403,0.921114
9694,0.08689302,-0.7463317
9695,-0.08067806,0.80725545
9696,0.15556705,-0.110515654
9697,-0.12439877,0.4260381
9698,-0.053764004,0.5429416
9699,0.06764365,-0.93859124
9700,-0.053247306,0.89871496
9701,0.08689301,-0.7463317
9702,-0.15556705,0.110515654
9703,-0.032682892,0.7524527
9704,-0.08055352,0.8069105
9705,0.06764365,-0.93859124
9706,0.080669574,-0.80723196
9707,-0.06764365,0.93859124
9708,0.083605595,-0.40057173
9709,0.06698587,-0.7693296
9710,-0.053247835,0.8987164
9711,0.15556705,-0.110515654
9712,0.08057342,-0.8069656
9713,-0.06626695,0.9459405
9714,0.1560258,0.10511497
9715,-0.11620082,0.47030652
9716,-0.06698587,0.7693296
9717,0.05324734,-0.898715
9718,0.06764365,-0.93859124
9719,-0.09695145,0.662566
9720,-0.062216483,0.9458838
9721,0.07586129,-0.883171
9722,-0.06764365,0.93859124
9723,0.053247835,-0.8987164
9724,0.15556705,-0.110515654
9725,-0.053247318,0.89871496
9726,0.0806627,-0.8072129
9727,0.05324783,-0.8987164
9728,0.095090926,-0.7020632
9729,0.080579534,-0.8069826
9730,-0.053247835,0.8987164
9731,0.1748164,0.08174382
9732,-0.08968687,0.7529594
9733,-0.095090866,0.7020631
9734,-0.09051517,0.74515843
9735,0.053674858,-0.21103245
9736,-0.064999975,0.9525662
9737,-0.05324731,0.89871496
9738,-0.06764365,0.93859124
9739,-0.09695145,0.662566
9740,-0.09695145,0.662566
9741,-0.11620082,0.47030652
9742,-0.08419381,0.7388552
9743,-0.06764365,0.93859124
9744,0.0769959,-0.7189178
9745,-0.06764365,0.93859124
9746,-0.12439877,0.4260381
9747,-0.15556705,0.110515654
9748,0.06764365,-0.93859124
9749,-0.095090926,0.7020632
9750,-0.07860889,0.85729367
9751,0.06764365,-0.93859124
9752,-0.15556705,0.110515654
9753,0.11620082,-0.47030652
9754,0.06764365,-0.93859124
9755,-0.09509096,0.70206326
9756,-0.06764365,0.93859124
9757,0.06764365,-0.93859124
9758,-0.06698587,0.7693296
9759,-0.066372186,0.946232
9760,0.06764365,-0.93859124
9761,0.11982298,-0.46913326
9762,0.11620082,-0.47030652
9763,-0.08419381,0.7388552
9764,-0.053764004,0.5429416
9765,-0.080566995,0.8069478
9766,0.1748164,0.08174382
9767,-0.08061428,0.80707884
9768,-0.11620082,0.47030652
9769,-0.08057975,0.8069832
9770,-0.06764365,0.93859124
9771,0.06698587,-0.7693296
9772,0.06698587,-0.7693296
9773,-0.08064061,0.80715173
9774,-0.06698587,0.7693296
9775,-0.053247835,0.8987164
9776,-0.06698587,0.7693296
9777,0.06674391,-0.93609905
9778,0.043705583,-0.62670726
9779,0.08056646,-0.80694634
9780,0.080604404,-0.8070514
9781,-0.06764365,0.93859124
9782,-0.06622641,0.9458282
9783,-0.08060548,0.8070544
9784,0.053247366,-0.8987151
9785,-0.08689301,0.7463317
9786,0.08063326,-0.80713135
9787,0.08057481,-0.80696946
9788,-0.09695145,0.662566
9789,-0.1821111,-0.12851422
9790,0.053247306,-0.89871496
9791,-0.06764365,0.93859124
9792,-0.06764365,0.93859124
9793,0.053247355,-0.8987151
9794,-0.06764365,0.93859124
9795,-0.12440234,0.42600438
9796,-0.109449975,0.5339299
9797,-0.043705568,0.62670726
9798,-0.06997408,0.53025365
9799,0.0886925,-0.7513161
9800,-0.053247835,0.8987164
9801,-0.09509096,0.70206326
9802,-0.0805817,0.8069886
9803,0.024885397,-0.83685595
9804,0.07587744,0.3781191
9805,-0.06698587,0.7693296
9806,-0.06764365,0.93859124
9807,-0.05324734,0.898715
9808,-0.06404471,0.92862254
9809,-0.08056358,0.80693835
9810,-0.072537415,0.8851705
9811,0.08689301,-0.7463317
9812,0.053247403,-0.8987152
9813,0.06764365,-0.93859124
9814,-0.08055368,0.80691093
9815,-0.08689301,0.7463317
9816,0.06764365,-0.93859124
9817,0.053807184,-0.54306114
9818,-0.053247448,0.8987153
9819,0.03165767,-0.21380606
9820,-0.06764365,0.93859124
9821,-0.08055045,0.806902
9822,-0.06764365,0.93859124
9823,-0.06764365,0.93859124
9824,0.06695427,-0.93668175
9825,0.1748164,0.08174382
9826,0.121696025,-0.4185518
9827,0.053247306,-0.89871496
9828,0.05324734,-0.898715
9829,0.06764365,-0.93859124
9830,0.066227704,-0.9458318
9831,0.06672779,-0.947217
9832,-0.15556705,0.110515654
9833,-0.11620082,0.47030652
9834,-0.06764365,0.93859124
9835,0.053247306,-0.89871496
9836,0.0769959,-0.7189178
9837,-0.18301791,-0.126046
9838,0.08059491,-0.80702513
9839,-0.06498137,0.9527413
9840,-0.043705583,0.62670726
9841,-0.09730818,0.3793652
9842,0.15556705,-0.110515654
9843,-0.06698587,0.7693296
9844,-0.05380717,0.54306114
9845,0.067704335,-0.9599942
9846,0.08419381,-0.7388552
9847,-0.06764365,0.93859124
9848,-0.0323261,0.8724786
9849,0.1821111,0.12851422
9850,-0.06764365,0.93859124
9851,0.040982418,-0.9098513
9852,0.06764365,-0.93859124
9853,0.06698587,-0.7693296
9854,-0.06764365,0.93859124
9855,0.14917207,-0.15977818
9856,-0.11620082,0.47030652
9857,0.080565386,-0.80694336
9858,-0.09326281,0.71928114
9859,-0.027146498,0.8636734
9860,-0.12439877,0.4260381
9861,-0.05324756,0.8987157
9862,0.1821111,0.12851422
9863,-0.053807177,0.54306114
9864,-0.0769959,0.7189178
9865,0.09695145,-0.662566
9866,0.06764365,-0.93859124
9867,-0.06764365,0.93859124
9868,-0.095090926,0.7020632
9869,-0.088692464,0.751316
9870,-0.09509096,0.70206326
9871,-0.06698587,0.7693296
9872,0.06698587,-0.7693296
9873,-0.15556705,0.110515654
9874,-0.080576465,0.80697405
9875,0.09605171,-0.6600738
9876,-0.06764365,0.93859124
9877,-0.11620082,0.47030652
9878,-0.06764365,0.93859124
9879,-0.09394026,-0.3727377
9880,-0.06764365,0.93859124
9881,-0.11620082,0.47030652
9882,-0.05324731,0.89871496
9883,-0.1748164,-0.08174382
9884,-0.06698587,0.7693296
9885,0.080550104,-0.80690104
9886,0.053247318,-0.89871496
9887,-0.11983203,0.45803928
9888,0.1821111,0.12851422
9889,-0.019630976,-0.6968501
9890,0.06674391,-0.93609905
9891,-0.15556705,0.110515654
9892,0.075870335,-0.87207705
9893,0.09695145,-0.662566
9894,0.095090926,-0.7020632
9895,0.06764365,-0.93859124
9896,0.06698587,-0.7693296
9897,-0.05324736,0.8987151
9898,0.0769959,-0.7189178
9899,0.06764365,-0.93859124
9900,0.06764365,-0.93859124
9901,0.06618989,-0.94572705
9902,0.05169031,-0.72696257
9903,-0.03810505,0.3576701
9904,0.12439877,-0.4260381
9905,0.053247392,-0.8987152
9906,-0.053247333,0.898715
9907,0.053247835,-0.8987164
9908,-0.15556705,0.110515654
9909,0.06764365,-0.93859124
9910,0.11620082,-0.47030652
9911,0.06698587,-0.7693296
9912,-0.06764365,0.93859124
9913,-0.06698587,0.7693296
9914,-0.080566645,0.8069469
9915,0.061717354,-0.7831015
9916,0.080601536,-0.8070435
9917,-0.06764365,0.93859124
9918,-0.15556705,0.110515654
9919,0.1721172,0.08922036
9920,-0.07252072,0.88512427
9921,0.080560796,-0.80693066
9922,-0.06698587,0.7693296
9923,-0.06764365,0.93859124
9924,0.053247385,-0.89871514
9925,0.06698587,-0.7693296
9926,0.06953991,-0.8768678
9927,-0.0662775,0.9459697
9928,0.053247828,-0.8987164
9929,0.080574945,-0.8069698
9930,-0.05141557,0.9159665
9931,0.1821111,0.12851422
9932,0.18031162,0.13349856
9933,-0.15556705,0.110515654
9934,-0.11620082,0.47030652
9935,-0.0905152,0.74515843
9936,-0.05324739,0.8987152
9937,-0.06764365,0.93859124
9938,-0.11620082,0.47030652
9939,0.17753175,0.08538525
9940,-0.1821111,-0.12851422
9941,-0.06764365,0.93859124
9942,0.06764365,-0.93859124
9943,0.06764365,-0.93859124
9944,-0.053247318,0.89871496
9945,0.02449939,-0.8190864
9946,-0.1748164,-0.08174382
9947,-0.05324749,0.89871544
9948,0.11620082,-0.47030652
9949,0.03165767,-0.21380606
9950,0.053247366,-0.8987151
9951,-0.05141557,0.9159665
9952,0.080555014,-0.8069146
9953,-0.053247318,0.89871496
9954,0.06636142,-0.94620216
9955,0.06764365,-0.93859124
9956,-0.10109932,0.41219208
9957,-0.08058229,0.8069902
9958,0.06764365,-0.93859124
9959,-0.05324783,0.8987164
9960,-0.06698587,0.7693296
9961,0.05324731,-0.89871496
9962,-0.11620082,0.47030652
9963,-0.16491929,-0.109157756
9964,0.11620082,-0.47030652
9965,0.08061406,-0.8070782
9966,0.06244941,-0.94090426
9967,-0.15556705,0.110515654
9968,0.11620082,-0.47030652
9969,0.080589056,-0.8070089
9970,0.06698587,-0.7693296
9971,-0.11620082,0.47030652
9972,-0.022186197,0.82937944
9973,-0.053247318,0.89871496
9974,0.06764365,-0.93859124
9975,0.15556705,-0.110515654
9976,-0.080579355,0.80698204
9977,0.053247306,-0.89871496
9978,0.08694117,-0.7459207
9979,-0.05324732,0.89871496
9980,-0.08056907,0.80695355
9981,0.1748164,0.08174382
9982,0.11350161,-0.46283
9983,-0.0769959,0.7189178
9984,-0.06623182,0.9458432
9985,-0.08059323,0.8070205
9986,-0.072511435,0.8850986
9987,-0.07253429,0.8851619
9988,-0.1748164,-0.08174382
9989,-0.08065644,0.8071956
9990,-0.08048194,0.8067122
9991,-0.053247444,0.8987153
9992,-0.06764365,0.93859124
9993,-0.08059025,0.80701226
9994,-0.06698581,0.7693302
9995,-0.06764365,0.93859124
9996,-0.06171702,0.78310126
9997,-0.09326281,0.71928114
9998,0.080570385,-0.8069572
9999,-0.15556705,0.110515654
